Dota 2,4841
Team Fortress 2,2323
Counter-Strike Global Offensive,1377
Unturned,1069
Left 4 Dead 2,801
Counter-Strike Source,715
The Elder Scrolls V Skyrim,677
Garry's Mod,666
Counter-Strike,568
Sid Meier's Civilization V,554
Terraria,460
Portal 2,453
Warframe,424
Portal,417
Robocraft,407
PAYDAY 2,390
Borderlands 2,386
Half-Life 2,356
Heroes & Generals,335
War Thunder,303
Call of Duty Modern Warfare 2,297
Call of Duty Modern Warfare 2 - Multiplayer,291
Alien Swarm,289
Fallout New Vegas,287
Grand Theft Auto V,269
Trove,253
DayZ,246
No More Room in Hell,230
Call of Duty Black Ops,227
Grand Theft Auto IV,226
Counter-Strike Condition Zero,225
Empire Total War,214
BioShock Infinite,212
Call of Duty Modern Warfare 3,211
PlanetSide 2,210
Rust,207
Left 4 Dead,204
Tomb Raider,204
Torchlight II,204
PAYDAY The Heist,202
Age of Empires II HD Edition,200
Call of Duty Black Ops - Multiplayer,198
Half-Life 2 Deathmatch,198
Saints Row The Third,197
Call of Duty Modern Warfare 3 - Multiplayer,196
Dirty Bomb,195
Chivalry Medieval Warfare,193
Magicka,193
Killing Floor,191
Path of Exile,191
Arma 2 Operation Arrowhead,189
Just Cause 2,186
Counter-Strike Nexon Zombies,184
Dead Island,182
Far Cry 3,181
Total War SHOGUN 2,179
Half-Life 2 Lost Coast,177
Loadout,177
Sniper Elite V2,177
Metro 2033,175
Euro Truck Simulator 2,171
Nosgoth,171
The Witcher 2 Assassins of Kings Enhanced Edition,170
The Binding of Isaac,168
Fallout 4,167
Warface,167
Day of Defeat Source,166
XCOM Enemy Unknown,161
ARK Survival Evolved,158
Arma 3,157
Don't Starve,157
DC Universe Online,154
Castle Crashers,153
Total War ROME II - Emperor Edition,153
Call of Duty Black Ops II - Multiplayer,151
Don't Starve Together Beta,150
Rocket League,149
Half-Life 2 Episode One,148
Arma 2,147
Borderlands,146
Insurgency,146
Dishonored,145
Clicker Heroes,144
BioShock,143
Hitman Absolution,142
AdVenture Capitalist,141
Half-Life 2 Episode Two,141
APB Reloaded,138
Deus Ex Human Revolution,138
H1Z1,137
Tom Clancy's Ghost Recon Phantoms - EU,137
Neverwinter,136
Napoleon Total War,135
Tom Clancy's Ghost Recon Phantoms - NA,133
Starbound,132
Warhammer 40 000 Dawn of War II,132
Trine 2,131
Goat Simulator,130
Saints Row IV,129
The Forest,128
Dead Island Epidemic,127
FTL Faster Than Light,126
Super Meat Boy,125
theHunter,124
BLOCKADE 3D,120
The Witcher Enhanced Edition,120
Mirror's Edge,119
Rising Storm/Red Orchestra 2 Multiplayer,119
Grand Theft Auto San Andreas,118
TERA,118
Half-Life,116
Mafia II,116
Call of Duty Black Ops II - Zombies,115
Cities Skylines,115
Magicka Wizard Wars,115
Amnesia The Dark Descent,113
Call of Duty Black Ops II,113
Mount & Blade Warband,113
Serious Sam HD The Second Encounter,113
Battlefield Bad Company 2,111
Dungeon Defenders,111
Marvel Heroes 2015,111
Star Wars - Battlefront II,111
The Walking Dead,111
Batman Arkham Asylum GOTY Edition,110
Dark Souls Prepare to Die Edition,110
HAWKEN,110
Batman Arkham City GOTY,109
Bastion,107
BattleBlock Theater,106
Football Manager 2013,104
Fallout 3 - Game of the Year Edition,102
Space Engineers,102
South Park The Stick of Truth,99
The Stanley Parable,99
7 Days to Die,98
Batman Arkham Origins,98
Prison Architect,98
Middle-earth Shadow of Mordor,97
Natural Selection 2,97
Realm of the Mad God,96
Counter-Strike Condition Zero Deleted Scenes,94
Day of Defeat,94
Hotline Miami,94
Orcs Must Die! 2,94
Defiance,93
Max Payne 3,93
Cry of Fear,92
Besiege,91
Darksiders,91
FreeStyle2 Street Basketball,91
Kerbal Space Program,90
Crysis 2 Maximum Edition,89
Alan Wake,88
Banished,87
Company of Heroes 2,87
Just Cause 2 Multiplayer Mod,86
Zombie Panic Source,86
Dungeon Defenders II,85
Sleeping Dogs,85
LIMBO,84
Age of Empires III Complete Collection,83
Burnout Paradise The Ultimate Box,83
Metro Last Light,83
Surgeon Simulator,83
Toribash,83
Star Wars Knights of the Old Republic,82
The Mighty Quest For Epic Loot,82
Blacklight Retribution,81
Audiosurf,80
Dying Light,80
ORION Prelude,80
SMITE,80
The Binding of Isaac Rebirth,80
Fistful of Frags,79
Football Manager 2012,79
Survarium,79
Firefall,78
Football Manager 2014,78
Football Manager 2015,77
Quake Live,77
The Witcher 3 Wild Hunt,77
Borderlands The Pre-Sequel,76
Crusader Kings II,76
Medieval II Total War,76
RIFT,75
Risk of Rain,75
Torchlight,75
Grand Theft Auto Episodes from Liberty City,74
Papers  Please,74
Aliens vs. Predator,73
Serious Sam 3 BFE,73
L.A. Noire,72
Trine,72
Ace of Spades,71
DARK SOULS II,71
Game Dev Tycoon,71
Mark of the Ninja,71
Outlast,71
Call of Duty Ghosts,70
Call of Duty Ghosts - Multiplayer,70
Magic Duels,70
GunZ 2 The Second Duel,69
Mass Effect,69
Warhammer 40 000 Dawn of War II  Retribution,69
World of Guns Gun Disassembly,69
Awesomenauts,68
Call of Duty World at War,68
Gotham City Impostors Free To Play,68
Guns of Icarus Online,68
Thief,68
Tropico 4,68
Darksiders II,67
Divinity Original Sin,67
Infestation Survivor Stories,67
Insurgency Modern Infantry Combat,67
Scribblenauts Unlimited,67
BioShock 2,66
METAL GEAR SOLID V THE PHANTOM PAIN,66
Planetary Annihilation,66
RAGE,66
Source Filmmaker,66
The Elder Scrolls IV Oblivion ,66
Brawlhalla,65
Dead Space,65
Mortal Kombat Komplete Edition,65
Dino D-Day,64
Monaco,64
Spiral Knights,64
State of Decay,64
The Expendabros,64
Company of Heroes (New Steam Version),63
FINAL FANTASY VII,63
Rogue Legacy,63
Company of Heroes,62
Orcs Must Die!,62
Rome Total War,62
Tactical Intervention,62
Wolfenstein The New Order,62
Call of Duty Advanced Warfare - Multiplayer,61
Sid Meier's Civilization Beyond Earth,61
Call of Duty 4 Modern Warfare,60
Archeblade,59
Arma 2 DayZ Mod,59
Assassin's Creed II,59
Dragon Age Origins - Ultimate Edition,59
Age of Chivalry,58
Spore,58
sZone-Online,58
Titan Quest,58
GRID 2,57
Saints Row 2,57
SimCity 4 Deluxe,57
Assassin's Creed III,56
How to Survive,56
Mass Effect 2,56
Need for Speed Hot Pursuit,56
Plants vs. Zombies Game of the Year,56
Spec Ops The Line,56
Anno 2070,55
Crysis,55
Happy Wars,55
Mitos.is The Game,55
SpeedRunners,55
Warhammer 40 000 Dawn of War II - Chaos Rising,55
Aftermath,54
Assassin's Creed IV Black Flag,54
Deus Ex Human Revolution - Director's Cut,54
Gear Up,54
RaceRoom Racing Experience ,54
Star Conflict,54
This War of Mine,54
America's Army Proving Grounds,53
Dead Island Riptide,53
F.E.A.R. 3,53
Far Cry 2,53
Sanctum 2,53
Sniper Elite 3,53
Call of Duty Advanced Warfare,52
FEZ,52
Sniper Ghost Warrior,52
Supreme Commander 2,52
Endless Space,51
The Lord of the Rings War in the North,51
Antichamber,50
Europa Universalis IV,50
Hammerwatch,50
POSTAL 2,50
Star Trek Online,50
Train Simulator,50
Universe Sandbox,50
Worms Reloaded,50
Contagion,49
DiRT 3,49
Far Cry 3 Blood Dragon,49
Fishing Planet,49
Red Faction Armageddon,49
Reus,49
Warhammer 40 000 Space Marine,49
WARMODE,49
Emily is Away,48
Fallen Earth,48
Killing Floor 2,48
STAR WARS Knights of the Old Republic II The Sith Lords,48
Stronghold 3,48
The Walking Dead Season Two,48
Worms Revolution,48
Call of Juarez Gunslinger,47
Injustice Gods Among Us Ultimate Edition,47
Sakura Clicker,47
Sins of a Solar Empire Rebellion,47
Stronghold Kingdoms,47
Block N Load,46
Dust An Elysian Tail,46
Grand Theft Auto Vice City,46
Half-Life Blue Shift,46
Red Crucible Firestorm,46
War of the Roses,46
Double Action Boogaloo,45
Kingdoms of Amalur Reckoning,45
Plague Inc Evolved,45
Transformice,45
Five Nights at Freddy's,44
Magic 2014 ,44
Mount & Blade With Fire and Sword,44
Synergy,44
The Sims(TM) 3,44
The Wolf Among Us,44
AirMech,43
DmC Devil May Cry,43
Homefront,43
Medal of Honor(TM) Single Player,43
Red Faction Guerrilla Steam Edition,43
The Ship,43
Tribes Ascend,43
Half-Life Opposing Force,42
Psychonauts,42
Rise of Incarnates,42
RollerCoaster Tycoon 3 Platinum!,42
Aura Kingdom,41
Brick-Force,41
Defense Grid The Awakening,41
Might & Magic Heroes VI,41
Pillars of Eternity,41
Sid Meier's Civilization IV,41
World of Goo,41
ArcheAge,40
BIT.TRIP RUNNER,40
Braid,40
Brothers - A Tale of Two Sons,40
Duke Nukem Forever,40
Football Manager 2009,40
Medal of Honor(TM) Multiplayer,40
RACE 07,40
Shadowrun Returns,40
Star Wars Empire at War Gold,40
Tom Clancy's Splinter Cell Conviction,40
Ultra Street Fighter IV,40
Watch_Dogs,40
Assassin's Creed Brotherhood,39
Call of Duty Black Ops III,39
LEGO MARVEL Super Heroes,39
Red Orchestra 2 Heroes of Stalingrad - Single Player,39
Resident Evil 6 / Biohazard 6,39
Sanctum,39
The Elder Scrolls III Morrowind,39
Deadlight,38
Endless Legend,38
Everlasting Summer,38
F.E.A.R. 2 Project Origin,38
Fallout 3,38
Gunpoint,38
Life Is Strange,38
METAL GEAR RISING REVENGEANCE,38
Metro 2033 Redux,38
Mortal Kombat X,38
The Incredible Adventures of Van Helsing,38
Anomaly Warzone Earth,37
Darkest Dungeon,37
Deus Ex Game of the Year Edition,37
Half-Life Source,37
Infinite Crisis,37
NARUTO SHIPPUDEN Ultimate Ninja STORM 3 Full Burst,37
Project Zomboid,37
R.U.S.E,37
S.T.A.L.K.E.R. Shadow of Chernobyl,37
Star Wars Jedi Knight Jedi Academy,37
Stranded Deep,37
The Escapists,37
Tom Clancy's Splinter Cell Blacklist,37
Unreal Tournament 3 Black Edition,37
VVVVVV,37
Wargame European Escalation,37
Age of Mythology Extended Edition,36
Assassin's Creed,36
Brtal Legend,36
Fable - The Lost Chapters,36
Only If,36
S.K.I.L.L. - Special Force 2,36
Sniper Ghost Warrior 2,36
Total War ATTILA,36
Far Cry 4,35
Football Manager 2010,35
Legend of Grimrock,35
METAL GEAR SOLID V GROUND ZEROES,35
Moonbase Alpha,35
Risen 2 - Dark Waters,35
Super Monday Night Combat,35
The Darkness II,35
UberStrike,35
Beat Hazard,34
Codename CURE,34
DiggerOnline,34
Evolve,34
Grand Theft Auto III,34
Homeworld Remastered Collection,34
Machinarium,34
Medieval II Total War Kingdoms,34
Nether,34
Spelunky,34
Strife,34
Super Crate Box,34
To the Moon,34
Transistor,34
Company of Heroes Tales of Valor,33
DARK SOULS II Scholar of the First Sin,33
Elite Dangerous,33
Free to Play,33
Gauntlet ,33
Poker Night at the Inventory,33
SpaceChem,33
Spooky's House of Jump Scares,33
Star Wars Republic Commando,33
Star Wars The Force Unleashed Ultimate Sith Edition,33
The Lord of the Rings Online,33
Tropico 5,33
WAKFU,33
Warhammer 40 000 Dawn of War - Game of the Year Edition,33
Age of Wonders III,32
BRINK,32
Deathmatch Classic,32
DRAGON BALL XENOVERSE,32
Farming Simulator 2013,32
From Dust,32
Nidhogg,32
Reign Of Kings,32
Resident Evil 5 / Biohazard 5,32
Shadow Warrior,32
Skullgirls,32
Sonic & All-Stars Racing Transformed,32
Undertale,32
War Inc. Battlezone,32
Afterfall InSanity Extended Edition,31
Alien Isolation,31
Dear Esther,31
Dragon Age Origins,31
Dungeon Siege III,31
Football Manager 2011,31
Guacamelee! Gold Edition,31
Ori and the Blind Forest,31
Red Orchestra Ostfront 41-45,31
Space Pirates and Zombies,31
Spintires,31
The Secret of Monkey Island Special Edition,31
Titan Quest Immortal Throne,31
Assassin's Creed Revelations,30
Command and Conquer Red Alert 3 - Uprising,30
Dizzel,30
Enclave,30
Guns and Robots,30
LEGO The Lord of the Rings,30
Arma 2 Operation Arrowhead Beta (Obsolete),29
Batman Arkham City,29
Cave Story+,29
Cubic Castles,29
Farming Simulator 15,29
FINAL FANTASY VIII,29
GRID Autosport,29
Gun Monkeys,29
Mount & Blade,29
Overlord II,29
RPG Maker VX Ace,29
Serious Sam HD The First Encounter,29
Super Hexagon,29
The Banner Saga,29
The Long Dark,29
Two Worlds II,29
Valkyria Chronicles,29
Vampire The Masquerade - Bloodlines,29
Batman Arkham Knight,28
Democracy 3,28
Elsword,28
GRID,28
Killing Floor Mod Defence Alliance 2,28
LEGO Worlds,28
Metro Last Light Redux,28
Microsoft Flight Simulator X Steam Edition,28
Next Car Game Wreckfest,28
Poker Night 2,28
School of Dragons How to Train Your Dragon,28
Sonic Generations,28
Time Clickers,28
Wargame AirLand Battle,28
Zombies Monsters Robots,28
8BitMMO,27
A.V.A - Alliance of Valiant Arms,27
Alice Madness Returns,27
Arma Cold War Assault,27
Dead Space 2,27
Depth,27
Dungeonland,27
F.E.A.R. Online,27
Football Manager 2016,27
FORCED,27
Fractured Space,27
Hero Siege,27
The Last Remnant,27
Thomas Was Alone,27
Wargame Red Dragon,27
BIT.TRIP Presents... Runner2 Future Legend of Rhythm Alien,26
Broforce,26
Command and Conquer Red Alert 3,26
Defy Gravity,26
Deponia,26
Dungeons of Dredmor,26
Fallout,26
Far Cry,26
Frozen Synapse,26
GameMaker Studio,26
Lara Croft and the Guardian of Light,26
Pixel Piracy,26
Rise of Nations Extended Edition,26
Sid Meier's Civilization IV Beyond the Sword,26
Supreme Commander Forged Alliance,26
Team Fortress Classic,26
The Swapper,26
Vindictus,26
Amnesia A Machine for Pigs,25
Cogs,25
Company of Heroes Opposing Fronts,25
DiRT 2,25
Little Inferno,25
Mad Max,25
PROTOTYPE 2,25
Race The Sun,25
Remember Me,25
Rocksmith 2014,25
S.T.A.L.K.E.R. Call of Pripyat,25
Trials Evolution Gold Edition,25
Warhammer 40 000 Dawn of War  Soulstorm,25
Alan Wake's American Nightmare,24
Bloodline Champions,24
DLC Quest,24
Dragons and Titans,24
E.Y.E Divine Cybermancy,24
F.E.A.R.,24
Galactic Civilizations II Ultimate Edition,24
Gone Home,24
Hitman Sniper Challenge,24
Lucius,24
Octodad Dadliest Catch,24
Portal Stories Mel,24
Project CARS,24
SteamWorld Dig,24
System Shock 2,24
Test Drive Unlimited 2,24
The Talos Principle,24
Tropico 3 - Steam Special Edition,24
Verdun,24
Yet Another Zombie Defense,24
Baldur's Gate Enhanced Edition,23
Bulletstorm,23
Bully Scholarship Edition,23
Crayon Physics Deluxe,23
Creativerse,23
Crysis Warhead,23
DiRT Showdown,23
DOOM 3 BFG Edition,23
Echo of Soul,23
Five Nights at Freddy's 2,23
Hitman Blood Money,23
Kingdom Wars,23
Ragnarok Online 2,23
SEGA Genesis & Mega Drive Classics,23
Sid Meier's Civilization III Complete,23
Sniper Elite Nazi Zombie Army,23
Stronghold Crusader HD,23
The Ship Single Player,23
Warhammer 40 000 Dawn of War  Dark Crusade,23
Aliens Colonial Marines,22
Child of Light,22
DEFCON,22
Deus Ex Human Revolution - The Missing Link,22
Fallout 2,22
FINAL FANTASY XIII,22
FINAL FANTASY XIV A Realm Reborn,22
Haunted Memories,22
Jamestown,22
One Finger Death Punch,22
Osmos,22
Overlord,22
Relic Hunters Zero,22
Sid Meier's Pirates!,22
Warlock - Master of the Arcane,22
Wasteland 2,22
Boring Man - Online Tactical Stickman Combat,21
Car Mechanic Simulator 2014,21
Champions Online,21
Dead Rising 2,21
EVE Online,21
Giana Sisters Twisted Dreams,21
Hearts of Iron III,21
MapleStory,21
METAL SLUG 3,21
Primal Carnage,21
Really Big Sky,21
Ricochet,21
Stronghold HD,21
THE KING OF FIGHTERS XIII STEAM EDITION,21
The Vanishing of Ethan Carter,21
The Way of Life Free Edition,21
Worms Armageddon,21
Borderlands 2 RU,20
Card Hunter,20
Caster,20
DOOM 3,20
Dragon Nest Europe,20
Game of Thrones - A Telltale Games Series,20
HuniePop,20
Men of War Assault Squad,20
NBA 2K15,20
Prototype,20
Rock of Ages,20
Star Wars - Jedi Knight II Jedi Outcast,20
Superbrothers Sword & Sworcery EP,20
The Bridge,20
The Crew,20
Toki Tori,20
Turbo Dismount,20
Atom Zombie Smasher ,19
Cities in Motion 2,19
Command and Conquer 4 Tiberian Twilight,19
Dark Messiah of Might & Magic Single Player,19
Dead Bits,19
DiRT 3 Complete Edition,19
F1 2012,19
Forge,19
Gratuitous Space Battles,19
La Tale,19
Loadout Campaign Beta,19
Lone Survivor The Director's Cut,19
McPixel,19
MicroVolts Surge,19
Monday Night Combat,19
Ryse Son of Rome,19
StarForge,19
Strike Suit Zero,19
Two Worlds Epic Edition,19
Viscera Cleanup Detail Santa's Rampage,19
You Have to Win the Game,19
3DMark,18
Assetto Corsa,18
BeamNG.drive,18
Blender 2.76b,18
Command and Conquer 3 Tiberium Wars,18
Devil May Cry 4,18
DiRT Rally,18
Dishonored (RU),18
Driver San Francisco,18
Dungeon of the Endless,18
Evoland,18
Hotline Miami 2 Wrong Number,18
Knights and Merchants,18
Magic 2015,18
Magic The Gathering  Duels of the Planeswalkers 2012,18
Magic The Gathering - Duels of the Planeswalkers 2013,18
Men of War Assault Squad 2,18
MURDERED SOUL SUSPECT,18
Resident Evil Revelations / Biohazard Revelations,18
Rome Total War - Alexander,18
Shatter,18
Supreme Commander,18
Tabletop Simulator,18
Teeworlds,18
Total War Battles KINGDOM,18
Tower Wars,18
Unepic,18
Villagers and Heroes,18
X3 Terran Conflict,18
Assassins Creed Unity,17
Blood Bowl Legendary Edition,17
Costume Quest,17
Deadbreed,17
Dungeons & Dragons Online,17
Fable Anniversary,17
Fable III,17
Kane & Lynch 2 Dog Days,17
Lords Of The Fallen,17
Lost Planet Extreme Condition,17
Magicite,17
March of War,17
Mortal Kombat Kollection,17
Navy Field 2  Conqueror of the Ocean,17
Omerta - City of Gangsters,17
Operation Flashpoint Dragon Rising,17
Panzar,17
Penumbra Overture,17
Shadowgrounds,17
Shadowrun Dragonfall - Director's Cut,17
Sid Meier's Civilization IV Colonization,17
Sniper Elite Nazi Zombie Army 2,17
Spore Galactic Adventures,17
The Culling Of The Cows,17
The Elder Scrolls Online Tamriel Unlimited,17
The Testament of Sherlock Holmes,17
Warhammer End Times - Vermintide,17
America's Army 3,16
Botanicula,16
Broken Age,16
Call of Juarez The Cartel,16
Copa Petrobras de Marcas,16
Crypt of the NecroDancer,16
Cthulhu Saves the World ,16
DCS World,16
Duke Nukem 3D Megaton Edition,16
Europa Universalis III,16
Game of Thrones ,16
Magicka 2,16
Max Payne,16
Metro Conflict,16
NBA 2K14,16
Next Car Game Sneak Peek 2.0,16
Recettear An Item Shop's Tale,16
RollerCoaster Tycoon Deluxe,16
Shank,16
Solar 2,16
The Evil Within,16
The Secret World,16
Tiny and Big Grandpa's Leftovers,16
Transformers Fall of Cybertron,16
Velvet Sundown,16
Zeno Clash,16
Alpha Protocol,15
And Yet It Moves,15
Batla,15
Blocks That Matter,15
Castlevania Lords of Shadow - Ultimate Edition,15
Cities XL Platinum,15
Craft The World,15
Crysis Wars,15
Darkest Hour Europe '44-'45,15
Dustforce,15
Floating Point,15
Galactic Civilizations III,15
Global Agenda,15
Godus,15
Hard Reset,15
Hitman Codename 47,15
Infinity Wars - Animated Trading Card Game,15
Just Cause 3,15
Long Live The Queen,15
Max Payne 2 The Fall of Max Payne,15
Medieval Engineers,15
Modular Combat,15
Mount Your Friends,15
NEOTOKYO,15
Oddworld Abe's Oddysee,15
Order of War,15
Painkiller Hell & Damnation,15
Pid ,15
Pirates  Vikings  & Knights II,15
Prince of Persia The Sands of Time,15
Revenge of the Titans,15
S.T.A.L.K.E.R. Clear Sky,15
Sir  You Are Being Hunted,15
Stronghold 2,15
Stronghold Crusader 2,15
Tales from the Borderlands,15
The Bureau XCOM Declassified,15
The Ultimate DOOM,15
Warhammer 40 000 Dawn of War  Winter Assault,15
Battlefield 2,14
Bejeweled 3,14
CastleMiner Z,14
Crash Time II,14
D.I.P.R.I.P. Warm Up,14
Dead Rising 3,14
Divinity Original Sin Enhanced Edition,14
Eldevin,14
FlatOut 2,14
Fuse,14
Half-Life Deathmatch Source,14
Hazard Ops,14
Hitman 2 Silent Assassin,14
HOARD,14
King Arthur - The Role-playing Wargame,14
Lost Planet 3,14
Might & Magic Duel of Champions,14
Rayman Legends,14
resident evil 4 / biohazard 4,14
Resident Evil Revelations 2 / Biohazard Revelations 2,14
Shank 2,14
Shovel Knight,14
Sid Meier's Railroads!,14
Smashball,14
Star Wars Dark Forces,14
Styx Master of Shadows,14
The Cave,14
The Incredible Adventures of Van Helsing II,14
The LEGO Movie - Videogame,14
The Ship Tutorial,14
The Showdown Effect,14
Uplink,14
Valiant Hearts The Great War / Soldats Inconnus  Mmoires de la Grande Guerre,14
Victoria II,14
World of Soccer online,14
A Game of Thrones - Genesis,13
Altitude,13
Bad Rats,13
BIT.TRIP BEAT,13
Blood Bowl Chaos Edition,13
Bloody Trapland,13
Car Mechanic Simulator 2015,13
CastleStorm,13
Construction-Simulator 2015,13
Deadpool,13
Defense Grid 2,13
Divine Souls,13
Door Kickers,13
Dragon Nest,13
Endless Sky,13
FaceRig,13
Fallout Tactics,13
Genesis Online,13
Gish,13
God Mode,13
Gotham City Impostors,13
Grim Dawn,13
Grim Fandango Remastered,13
Grimm,13
Hacker Evolution,13
Halo Spartan Assault,13
IL-2 Sturmovik Cliffs of Dover,13
Joe Danger 2 The Movie,13
King Arthur II - The Role-playing Wargame,13
Lego Harry Potter,13
Life is Feudal Your Own,13
NARUTO SHIPPUDEN Ultimate Ninja STORM Revolution,13
Nation Red,13
Organ Trail Director's Cut,13
PAC-MAN Championship Edition DX+,13
Peggle Deluxe,13
Polarity,13
Risen,13
Rochard,13
Savage Lands,13
Serious Sam 2,13
Sins of a Dark Age,13
Sins of a Solar Empire Trinity,13
Sleeping Dogs Definitive Edition,13
Slender The Arrival,13
Soldier Front 2,13
SOMA,13
Starpoint Gemini 2,13
Stealth Bastard Deluxe,13
Subnautica,13
Talisman Digital Edition,13
The Guild II,13
The Plan,13
Thief Gold,13
Tom Clancy's Rainbow Six Vegas 2,13
Tomb Raider I,13
Wolfenstein The Old Blood ,13
Woodle Tree Adventures,13
Worms Ultimate Mayhem,13
A Virus Named TOM,12
Always Sometimes Monsters,12
Blackguards,12
Blade Symphony,12
Canyon Capers,12
Command and Conquer 3 Kane's Wrath,12
Darwinia,12
Devilian,12
Divinity Dragon Commander,12
Divinity II Developer's Cut,12
EDGE,12
Estranged Act I,12
Eufloria,12
Evil Genius,12
F1 2013,12
Five Nights at Freddy's 4,12
Galaxy on Fire 2 Full HD,12
Geometry Dash,12
Greed Corp,12
Grey Goo,12
Grow Home,12
Heroes of Might & Magic V,12
Hydrophobia Prophecy,12
Just Cause,12
King Arthur's Gold,12
Knights of Pen and Paper +1,12
Krater,12
Lead and Gold - Gangs of the Wild West,12
Lethal League,12
Magic The Gathering - Duels of the Planeswalkers,12
Men of War,12
Mortal Online,12
Mountain,12
NBA 2K16,12
Need for Speed Undercover,12
Neverwinter Nights 2 Platinum,12
Nuclear Dawn,12
Plain Sight,12
Planet Explorers,12
Poly Bridge,12
Pro Evolution Soccer 2015,12
Sacred 2 Gold,12
Section 8 Prejudice,12
Shattered Horizon,12
Soccer Manager 2015,12
Soccer Manager 2016,12
SolForge,12
Sonic Adventure 2 ,12
Squishy the Suicidal Pig,12
Stacking,12
Star Wars The Force Unleashed II,12
Steel Ocean,12
Teleglitch Die More Edition,12
The Guild II Renaissance,12
The Legend of Korra,12
Ticket to Ride,12
Town of Salem,12
TrackMania Stadium,12
Transformers War for Cybertron,12
Tropico 3 Absolute Power,12
Worms Clan Wars,12
X-COM UFO Defense,12
Xenonauts,12
ACE - Arena Cyber Evolution,11
ACE COMBAT ASSAULT HORIZON Enhanced Edition,11
Anna - Extended Edition,11
Ascend Hand of Kul,11
Back to the Future Ep 1 - It's About Time,11
Battle Islands,11
Cities in Motion,11
Cities XL 2012,11
Codename Gordon,11
Commandos 2 Men of Courage,11
Cook  Serve  Delicious!,11
Dark Messiah of Might & Magic Multi-Player,11
Demigod,11
Dragomon Hunter,11
Dungeon Siege,11
Fallen Enchantress Legendary Heroes,11
Ghostbusters The Video Game,11
Gnomoria,11
HIS (Heroes In the Sky),11
I am Bread,11
LEGO The Hobbit,11
Lichdom Battlemage,11
Mars War Logs,11
Minimum,11
Nosferatu The Wrath of Malachi,11
Nuclear Throne,11
Patch testing for Chivalry,11
Pinball FX2,11
Planetary Annihilation TITANS,11
Port Royale 3,11
Post Apocalyptic Mayhem,11
Proteus,11
Quantum Conundrum,11
Resident Evil / biohazard HD REMASTER,11
Return to Castle Wolfenstein,11
Sakura Spirit,11
Spore Creepy & Cute Parts Pack,11
Strider,11
Sunless Sea,11
Takedown Red Sabre,11
The Ball,11
Thief Deadly Shadows,11
Tom Clancy's Ghost Recon Future Soldier,11
Tomb Raider Anniversary,11
Unreal Tournament 2004,11
Unreal Tournament Game of the Year Edition,11
Vessel,11
Viscera Cleanup Detail,11
War for the Overworld,11
Wings of Prey,11
You Need A Budget 4 (YNAB),11
Aliens versus Predator Classic 2000,10
Anarchy Arcade,10
Angry Video Game Nerd Adventures,10
ArcaniA,10
Battlepaths,10
Battlestations Pacific,10
Before the Echo,10
Bunch Of Heroes,10
Capsized,10
Castle Story,10
Chaos on Deponia,10
Damned,10
Deus Ex Invisible War,10
Earth 2160,10
Eets Munchies,10
Eternal Silence,10
EVGA PrecisionX 16,10
FINAL FANTASY XIII-2,10
Full Mojo Rampage,10
Geometry Wars Retro Evolved,10
Gothic 3,10
Grand Theft Auto,10
GRAV,10
Guardians of Middle-earth,10
Interstellar Marines,10
Intrusion 2,10
Killer is Dead,10
Legendary,10
LUFTRAUSERS,10
Madballs in...Babo Invasion,10
Medal of Honor Airborne,10
Mercenary Kings,10
Need for Speed SHIFT,10
NightSky,10
Out There Somewhere,10
Piercing Blow,10
Pinball Arcade,10
Pool Nation,10
Racer 8,10
RaiderZ,10
Rayman Origins,10
Rebel Galaxy,10
Revolution Ace,10
Rise of the Triad,10
Robot Roller-Derby Disco Dodgeball,10
Sang-Froid - Tales of Werewolves,10
Sid Meier's Civilization IV Warlords,10
Skullgirls Endless Beta,10
Sniper Elite,10
Star Wars Jedi Knight Dark Forces II,10
Starbound - Unstable,10
StarDrive,10
Strike Vector,10
Super Killer Hornet Resurrection,10
The Legend of Heroes Trails in the Sky,10
They Bleed Pixels,10
Thinking with Time Machine,10
Ultimate Tic-Tac-Toe,10
Uncrowded,10
Waking Mars,10
Waveform,10
Wolfenstein The New Order German Edition,10
X3 Albion Prelude,10
X-Blades,10
A.R.E.S.,9
Anno 1404,9
Baldur's Gate II Enhanced Edition,9
Beatbuddy Tale of the Guardians,9
Combat Arms,9
CroNix,9
Dead Realm,9
DOOM II Hell on Earth,9
Dungeon Defenders Eternity,9
DUNGEONS - Steam Special Edition,9
Football Superstars,9
Gang Beasts,9
H1Z1 Test Server,9
Half-Life 2 Update,9
Home,9
Hurtworld,9
I Am Alive,9
IL-2 Sturmovik 1946,9
Invisible  Inc.,9
Keep Talking and Nobody Explodes,9
Kingdom Rush,9
King's Bounty The Legend,9
Leviathan Warships,9
LYNE,9
Marvel Puzzle Quest,9
Memories of a Vagabond,9
METAL SLUG DEFENSE,9
Monkey Island 2 Special Edition,9
NEKOPARA Vol. 1,9
Oddworld Stranger's Wrath HD,9
Oil Rush,9
Operation Flashpoint Red River,9
POSTAL,9
Professional Farmer 2014,9
Ragnarok,9
Renegade Ops,9
Retro City Rampage DX,9
Rocksmith,9
Royal Quest,9
Run and Fire,9
Running Shadow,9
RUSH,9
Scania Truck Driving Simulator,9
Shadow Warrior Classic Redux,9
Shift 2 Unleashed,9
Shoot Many Robots,9
Sid Meier's Ace Patrol Pacific Skies,9
Sid Meier's Starships,9
SkyDrift,9
Sparkle 2 Evo,9
Star Wars Starfighter,9
Stealth Inc 2,9
Steel Storm Burning Retribution,9
Street Fighter IV,9
Sunrider Mask of Arcadius,9
Survival Postapocalypse Now,9
Tap Tap Infinity,9
The Book of Unwritten Tales,9
The Hat Man Shadow Ward,9
The Stomping Land,9
Toki Tori 2+,9
Tom Clancy's Splinter Cell Chaos Theory,9
Tomb Raider Legend,9
Tomb Raider Underworld,9
Train Fever,9
Universe at War Earth Assault,9
Viking Battle for Asgard,9
Wanderlust Rebirth,9
Warmachine Tactics,9
Wild Warfare,9
World in Conflict Soviet Assault,9
12 Labours of Hercules II The Cretan Bull,8
8BitBoy,8
Agarest Generations of War,8
Age of Empires Online,8
AI War Fleet Command,8
Anno Online,8
Battle Nations,8
BEEP,8
Black Mesa,8
Bloons TD5,8
Breath of Death VII ,8
Call of Duty 2,8
Cubemen,8
Devil May Cry 3 Special Edition,8
Dragon Age Origins Character Creator,8
Droplitz,8
Dwarfs F2P,8
EasyAntiCheat eSports,8
Echoes+,8
Electronic Super Joy,8
Euro Truck Simulator,8
EverQuest II,8
F1 2014,8
Farming Simulator 2011,8
Five Nights at Freddy's 3,8
FlatOut,8
Frozen Hearth,8
Galcon 2,8
Guild Wars,8
Heroes of Might & Magic III - HD Edition,8
Insanely Twisted Shadow Planet,8
Jazzpunk,8
Lambda Wars Beta,8
Lost Planet 2,8
Magic Barrage - Bitferno,8
MechWarrior Online,8
Narcissu 1st & 2nd,8
Oddworld Abe's Exoddus,8
Outland,8
Overlord Raising Hell,8
Papo & Yo,8
Penumbra Black Plague,8
Pixel Puzzles Japan,8
PixelJunk Eden,8
Planetbase,8
Portal 2 - The Final Hours,8
Prime World,8
Quake,8
RADical ROACH Deluxe Edition,8
Red Faction,8
Rocketbirds Hardboiled Chicken,8
RollerCoaster Tycoon 2 Triple Thrill Pack,8
RPG MO,8
Rush Bros,8
Sam & Max 301 The Penal Zone,8
Scribblenauts Unmasked,8
Shadows on the Vatican - Act I Greed,8
Singularity,8
Space Run,8
Strike Suit Infinity,8
The Four Kings Casino and Slots,8
The Polynomial,8
The Settlers 7 Paths to a Kingdom - Gold Edition,8
the static speaks my name,8
Tom Clancy's H.A.W.X. 2,8
Tom Clancy's Rainbow Six Siege,8
TOME Immortal Arena,8
Trials 2 Second Edition,8
Unreal Gold,8
Victim of Xen,8
Zombie Driver,8
404Sight,7
A Bird Story,7
Age of Conan Unchained - EU version,7
Alien Breed 2 Assault,7
Analogue A Hate Story,7
Apotheon Arena,7
Aquaria,7
Arma 2 Private Military Company,7
Audiosurf 2,7
Back to Dinosaur Island ,7
Binary Domain,7
Blockland,7
Blockstorm,7
Blur,7
Bound By Flame,7
Bridge Project,7
Castlevania Lords of Shadow 2,7
Chime,7
Chip,7
Cities XL 2011,7
Closure,7
Clown House (Palyao Evi),7
Construct 2 Free,7
Crusaders of the Lost Idols,7
Crysis 2,7
Dead Effect,7
Dead Pixels,7
Disney Infinity 3.0 Play Without Limits,7
DogFighter,7
Double Dragon Neon,7
Duck Game,7
DYNASTY WARRIORS 8 Xtreme Legends Complete Edition,7
Empyrion - Galactic Survival,7
Eternal Senia,7
F.E.A.R. Perseus Mandate,7
Face of Mankind,7
Football Manager 2016 Demo,7
Front Mission Evolved,7
Gems of War,7
Ghost Master,7
Golden Rush,7
Goodbye Deponia,7
Gothic II Gold Edition,7
Grand Chase,7
Grimoire Manastorm,7
Gunscape,7
Half Minute Hero Super Mega Neo Climax Ultimate Boy,7
Hammerfight,7
Hatoful Boyfriend,7
Hatred,7
Indie Game The Movie,7
Kentucky Route Zero,7
King Arthur Collection,7
King's Bounty Warriors of the North,7
Kung Fury,7
Legend of Grimrock 2,7
LEGO Jurassic World,7
Lego Star Wars Saga,7
Mare Nostrum,7
Men of War Red Tide,7
Metal Reaper Online,7
Miasmata,7
Might & Magic Clash of Heroes,7
Might & Magic Heroes Online,7
Might & Magic X - Legacy ,7
Minecraft Story Mode - A Telltale Games Series,7
MX vs. ATV Reflex,7
NBA 2K9,7
Patrician IV Steam Special Edition,7
Peggle Nights,7
PixelJunk Monsters Ultimate,7
Primal Carnage Extinction,7
Prince of Persia The Forgotten Sands,7
Puzzle Quest,7
Quake III Arena,7
RAW - Realms of Ancient War,7
Receiver,7
Rustbucket Rumble,7
Sacred Citadel,7
Saints Row IV Inauguration Station,7
Sam & Max 104 Abe Lincoln Must Die!,7
Serious Sam Classic The First Encounter,7
Shadowgrounds Survivor,7
Sid Meier's Ace Patrol,7
Sigils of Elohim,7
Sine Mora,7
Smashmuck Champions,7
Sonic CD,7
Spacebase DF-9,7
SpellForce 2 - Faith in Destiny,7
Syberia,7
Take On Helicopters,7
Tales of Zestiria,7
Talisman Prologue,7
The Chronicles of Riddick Assault on Dark Athena,7
The Longest Journey,7
The Misadventures of P.B. Winterbottom,7
The Path,7
The Typing of The Dead Overkill,7
Tom Clancy's Splinter Cell,7
TowerFall Ascension,7
Toy Soldiers,7
Trainz Simulator 12,7
Trials Fusion,7
Universe Sandbox ,7
Urban Trial Freestyle,7
Uriel's Chasm,7
Valdis Story Abyssal City,7
Viscera Cleanup Detail Shadow Warrior,7
X Rebirth,7
X3 Reunion,7
Ys Origin,7
12 Labours of Hercules,6
A Valley Without Wind,6
AaaaaAAaaaAAAaaAAAAaAAAAA!!! for the Awesome,6
Adventures of Shuggy,6
All Is Dust,6
Amazing World,6
Among the Sleep,6
Arma 2 Free,6
Back to the Future Ep 2 - Get Tannen!,6
Batman Arkham Asylum,6
Betrayer,6
Bionic Dues,6
Blades of Time,6
Blood Bowl 2,6
Boson X,6
Bridge Constructor,6
Broken Sword 5 - the Serpent's Curse,6
Bus Driver,6
C9,6
Call of Juarez Bound in Blood,6
Carrier Command Gaea Mission,6
Chains,6
Commandos 3 Destination Berlin,6
Commandos Behind Enemy Lines,6
Confrontation,6
Cortex Command,6
Darkspore,6
Dawn of Discovery - Venice,6
Deepworld,6
Deponia The Complete Journey,6
Disciples III Renaissance,6
Divekick,6
Dragon's Prophet,6
Draw a Stickman EPIC,6
Dungeons & Dragons Daggerdale,6
Dungeons 2,6
Eador. Masters of the Broken World,6
Edge of Space,6
ENSLAVED Odyssey to the West Premium Edition,6
F1 2010,6
F1 2015,6
Fairy Bloom Freesia,6
Fate of the World,6
Final DOOM,6
FINAL FANTASY III,6
FlatOut Ultimate Carnage,6
FootLOL Epic Fail League,6
Freedom Force,6
Frontline Tactics,6
Gas Guzzlers Extreme,6
Gemini Rue,6
Get Off My Lawn!,6
Grand Theft Auto 2,6
Gravilon,6
HELLDIVERS,6
Hunted The Demon's Forge,6
Indiana Jones and the Fate of Atlantis,6
Indiana Jones and the Last Crusade,6
Infested Planet,6
Iron Brigade,6
Jigoku Kisetsukan Sense of the Seasons,6
KickBeat Steam Edition,6
Kings Bounty Legions,6
Knights of Honor,6
Legend of Dungeon,6
LEGO Batman The Videogame,6
LISA,6
Lunar Flight,6
Mechanic Escape,6
Mini Metro,6
Multiwinia,6
NBA 2K13,6
NEKOPARA Vol. 0,6
Never Alone (Kisima Ingitchuna),6
Oddworld New 'n' Tasty,6
Of Orcs And Men,6
Offworld Trading Company,6
Overcast - Walden and the Werewolf,6
Particula,6
PC Gamer,6
Penny Arcade's On the Rain-Slick Precipice of Darkness 3,6
Phantom Breaker Battle Grounds,6
Race The WTCC Game,6
Rampage Knights,6
Ravaged Zombie Apocalypse,6
Reassembly,6
Rise of Flight United,6
Rise of Venice,6
RISK Factions,6
Road Redemption,6
Rusty Hearts,6
Sacred 3,6
Sacred Gold,6
Saints Row Gat out of Hell,6
Saira,6
Serena,6
Serious Sam Classic The Second Encounter,6
Shadowrun Hong Kong,6
Silent Hill Homecoming,6
Silent Hunter III,6
Sinister City,6
Skyborn,6
Sonic Adventure DX,6
Space Hulk,6
Speedball 2 HD,6
Speedball 2 Tournament,6
Stonehearth,6
Stronghold Legends,6
Swords and Soldiers HD,6
TDP4Team Battle,6
Teenage Mutant Ninja Turtles Out of the Shadows,6
TerraTech,6
The Baconing,6
The Bard's Tale,6
The Jackbox Party Pack,6
The Tiny Bang Story,6
Titan Attacks,6
Tony Hawk's Pro Skater HD,6
Towns,6
TrackMania United,6
Trine 3 The Artifacts of Power,6
Viridi,6
Warside,6
Windosill,6
Windward,6
Wizorb,6
X2 The Threat,6
X-COM Apocalypse,6
X-COM Terror from the Deep,6
60 Seconds!,5
99 Levels To Hell,5
AaAaAA!!! - A Reckless Disregard for Gravity,5
Abyss Odyssey,5
AirBuccaneers,5
Airline Tycoon 2,5
Alchemy Mysteries Prague Legends,5
Alien Breed Impact,5
Alien Rage - Unlimited,5
Anomaly 2,5
Another World,5
Apotheon,5
Arma Tactics,5
Arx Fatalis,5
Audition Online,5
Axis Game Factory's AGFPRO 3.0,5
Ben There  Dan That!,5
Bleed,5
Broken Sword 1 - Shadow of the Templars Director's Cut,5
City of Steam Arkadia,5
Color Symphony,5
Commander Conquest of the Americas,5
Cossacks II Napoleonic Wars,5
CrimeCraft GangWars,5
Darkwind War on Wheels,5
DETOUR,5
Disciples II Gallean's Return,5
Distance,5
DOOM 3 Resurrection of Evil,5
Dr. Langeskov  The Tiger  and The Terribly Cursed Emerald A Whirlwind Heist,5
Dragon Age II,5
Dreamfall Chapters,5
DuckTales Remastered,5
Dungeon Siege 2,5
DUNGEONS - The Dark Lord (Steam Special Edition),5
Dungeons & Dragons Chronicles of Mystara,5
Dwarfs!?,5
East India Company Gold,5
Eets,5
Empires,5
Enemy Front,5
Epigenesis,5
Evochron Mercenary,5
F.E.A.R. Extraction Point,5
F1 2011,5
Faerie Solitaire,5
Fight The Dragon,5
Foreign Legion Buckets of Blood,5
Forsaken World ,5
Frankenstein Master of Death,5
Freedom Planet,5
FUEL,5
Gladiators Online Death Before Dishonor,5
Go! Go! Nippon! ~My First Trip to Japan~,5
GooCubelets,5
Grim Legends The Forsaken Bride,5
Grotesque Tactics Evil Heroes,5
Guncraft,5
Hacker Evolution - Untold,5
Hand Of Fate,5
Her Story,5
Hero Academy,5
Heroes of Might & Magic V Tribes of the East,5
Heroes of Scene,5
HIT,5
Hospital Tycoon,5
ibb & obb,5
Ionball 2  Ionstorm,5
Jagged Alliance - Back in Action,5
Jet Gunner,5
KnightShift,5
Kung Fu Strike The Warrior's Rise,5
La-Mulana,5
Landmark,5
LEGO Batman 3 Beyond Gotham,5
Let the Cat In,5
Lifeless Planet,5
LIGHTNING RETURNS FINAL FANTASY XIII,5
Little Racers STREET,5
Loom,5
Mabinogi,5
Majesty 2,5
Majesty 2 Collection,5
March of the Eagles,5
Men of War Vietnam,5
Metal Gear Solid Legacy,5
Missing Translation,5
Murder Miners,5
Nail'd,5
NotGTAV,5
OMSI 2,5
On the Rain-Slick Precipice of Darkness  Episode One,5
One Way Heroics,5
Overgrowth,5
Passing Pineview Forest,5
Peggle Extreme,5
PixelJunk Shooter,5
Prime World Defenders,5
Prince of Persia,5
Puzzle Agent,5
Q.U.B.E Director's Cut,5
QuestRun,5
Railroad Tycoon 3,5
Sam & Max 101 Culture Shock,5
Sam & Max 102 Situation Comedy,5
Satellite Reign,5
Savant - Ascent,5
Screencheat,5
Sengoku,5
Shadow Warrior Classic (1997),5
Shelter,5
Sheltered,5
Sherlock Holmes Crimes and Punishments,5
Shoppe Keep,5
Snuggle Truck,5
Software Inc.,5
Solstice Arena,5
Space Rangers HD A War Apart,5
Spirits,5
Star Trek D-A-C,5
StarMade,5
Steam Marines,5
STORM Frontline Nation,5
Stronghold Crusader Extreme HD,5
Sword of the Stars II Enhanced Edition,5
Tales of Monkey Island Chapter 1 - Launch of the Screaming Narwhal,5
The Basement Collection,5
The Beginner's Guide,5
The Dig,5
The Forgotten Ones,5
The Journey Down Chapter One,5
The Maw,5
The Settlers Online,5
The Wonderful End of the World,5
Thief 2,5
Thirty Flights of Loving,5
Ultimate General Gettysburg,5
Victory Command,5
Warlock 2 the Exiled,5
Why So Evil,5
Wind of Luck Arena,5
WRC 4 FIA WORLD RALLY CHAMPIONSHIP,5
WWE 2K15,5
Zombie Army Trilogy,5
4 Elements,4
9 Clues The Secret of Serpent Creek,4
A Story About My Uncle,4
Aberoth,4
Act of Aggression,4
Aion,4
Among Ripples,4
Anno 1404 Venice,4
Anoxemia,4
Axiom Verge,4
Back to the Future Ep 3 - Citizen Brown,4
Battle Battalions,4
Battlestations Midway,4
Beasts of Prey,4
Bionic Commando Rearmed,4
Blood of Old,4
Bob Came in Pieces,4
Bookworm Adventures Deluxe,4
Borealis,4
Breach & Clear,4
Brilliant Bob,4
Brothers in Arms Hell's Highway,4
Call of Cthulhu Dark Corners of the Earth,4
Call of Duty United Offensive,4
Camera Obscura,4
Carmageddon Reincarnation,4
Cities XXL,4
Coffin Dodgers,4
Commander Keen Complete Pack,4
Cossacks Back to War,4
Cossacks II Battle for Europe,4
Crazy Machines 2,4
Creeper World 3 Arc Eternal,4
Crossfire Europe,4
Curse of Mermos,4
Darkest Hour A Hearts of Iron Game,4
Day One Garry's Incident,4
Dead Horde,4
Dead Rising 2 Off the Record,4
Deadly Premonition The Director's Cut,4
DeathSpank,4
Defender's Quest Valley of the Forgotten,4
Depression Quest,4
Despair,4
Destination Sol,4
Deus Ex The Fall,4
Disciples III Reincarnation,4
Dragon's Lair,4
Dragon's Prophet (EU),4
Duke Nukem Forever ,4
Edna & Harvey The Breakout,4
Eldritch,4
Enemy Mind,4
Epic Arena,4
Epic Battle Fantasy 4,4
Eternal Fate,4
EverQuest Free-to-Play,4
Expeditions Conquistador,4
F1 Race Stars,4
Fairy Fencer F,4
Fallen Enchantress,4
Fearless Fantasy,4
Final Exam,4
FINAL FANTASY TYPE-0 HD,4
Fingered,4
Flight Control HD,4
Folk Tale,4
Fortix,4
FortressCraft Evolved,4
Foul Play,4
Frontlines Fuel of War,4
Frozen Synapse Prime,4
Galcon Fusion,4
Galcon Legends,4
GameGuru,4
Gothic 3 Forsaken Gods Enhanced Edition,4
Greyfox,4
Gumboy Crazy Features,4
Hack 'n' Slash,4
Hacknet,4
Hector Ep 1,4
Helicopter Simulator 2014 Search and Rescue,4
Hell Yeah!,4
Holy Potatoes! A Weapon Shop?!,4
Horizon,4
How To Survive Third Person,4
I  Zombie,4
I Have No Mouth  and I Must Scream,4
iBomber Defense Pacific,4
Icewind Dale Enhanced Edition,4
Imperium Romanum Gold Edition,4
Impire,4
Insaniquarium! Deluxe,4
Jade Empire Special Edition,4
Jagged Alliance 2 - Wildfire ,4
Jagged Alliance Online - Steam Edition,4
Jurassic Park The Game,4
Kane & Lynch Dead Men,4
Kenshi,4
Kingdom,4
King's Bounty Armored Princess,4
King's Bounty Crossworlds,4
Krosmaster Arena,4
Lakeview Cabin Collection,4
Lara Croft and the Temple of Osiris,4
LEGO Batman 2,4
LEGO Harry Potter Years 5-7,4
Lineage II,4
Lost Lands A Hidden Object Adventure,4
Lost Saga North America,4
Lugaru HD ,4
Lume,4
Mafia,4
MASSIVE CHALICE,4
Master Levels for DOOM II,4
Metal War Online Retribution,4
Might & Magic Heroes VII ,4
Miscreated,4
Monopoly,4
Morphopolis,4
My Lands,4
Myst Masterpiece Edition,4
NEO Scavenger,4
Nexuiz,4
Nihilumbra,4
Obulis,4
Orbital Gear,4
Out of the Park Baseball 15,4
Painkiller Overdose,4
Painkiller Redemption,4
PARTICLE MACE,4
Party of Sin,4
Penguins Arena Sedna's World,4
Penumbra Requiem,4
Perpetuum,4
Plug & Play,4
Pox Nora,4
Prey,4
Quake 4,4
Quake II,4
Quantum Rush Online,4
Quintet,4
Rag Doll Kung Fu,4
Railroad Tycoon 2 Platinum,4
Requiem,4
Risen 3 - Titan Lords,4
Rivals of Aether,4
Robotex,4
Rodina,4
Runestone Keeper,4
Sakura Angels,4
Scourge Outbreak,4
Secrets of Rtikon,4
Serious Sam Double D XXL,4
Serious Sam The Random Encounter,4
Shadowgate,4
Shantae and the Pirate's Curse,4
SiN Episodes Emergence,4
Skulls of the Shogun,4
Small World 2,4
SONIC THE HEDGEHOG 4 Episode II,4
Space Channel 5 Part 2,4
Space Farmers,4
Space Hack,4
Space Hulk Ascension,4
Spectraball,4
Star Trek,4
Star Wolves 3 Civil War,4
StarDrive 2,4
Stormrise,4
Street Fighter X Tekken,4
Super Sanctum TD,4
Superfrog HD,4
Survivalist,4
Swipecart,4
Symphony,4
Take On Mars,4
Tales of Maj'Eyal,4
TDP5 Arena 3D,4
Temper Tantrum,4
The Amazing Spider-Man 2,4
The Cat Lady,4
The Cursed Crusade,4
The Fall,4
The Howler,4
The Last Federation,4
The Novelist,4
The Old Tree,4
The Political Machine,4
The Raven - Legacy of a Master Thief,4
The Room,4
The Sims(TM) Medieval,4
The Treasures of Montezuma 4,4
The Void,4
theHunter Primal,4
Tidalis,4
Titan Souls,4
Tomb Raider II,4
Tower of Guns,4
TrackMania Canyon,4
TrackMania Valley,4
TransOcean The Shipping Company,4
Trapped Dead,4
TRAUMA,4
TypeRider,4
Ultratron,4
Uncharted Waters Online Gran Atlas,4
Unreal II The Awakening,4
Vanguard Princess,4
Velvet Assassin,4
Vertiginous Golf,4
Victor Vran,4
Volgarr the Viking,4
Wallace & Gromit Ep 1 Fright of the Bumblebees,4
War of the Roses Balance Beta,4
Wickland,4
WORLD END ECONOMiCA episode.01,4
Worms Crazy Golf,4
X Beyond the Frontier,4
X-Plane 10 Global - 64 Bit,4
Zen Bound 2,4
Ziggurat,4
12 Labours of Hercules III Girl Power,3
A New Beginning - Final Cut,3
Absolute Drift,3
Achron,3
Action! - Gameplay Recording and Streaming,3
Aeon Command,3
Aerena,3
Agarest Zero,3
Agricultural Simulator 2013 Steam Edition,3
AION Free-to-Play,3
Air Conflicts Pacific Carriers,3
Alien Breed 3 Descent,3
Alien Shooter Vengeance,3
All Zombies Must Die!,3
Alpha Prime,3
Ampu-Tea,3
Angels Fall First,3
Anodyne,3
Arctic Combat,3
Arma 2 British Armed Forces,3
Arma Combat Operations,3
Armada 2526,3
Artemis Spaceship Bridge Simulator,3
Assassin's Creed Freedom Cry,3
Assassin's Creed Syndicate,3
Aura Fate of the Ages,3
Avadon The Black Fortress,3
Avernum Escape From the Pit,3
Back to the Future Ep 4 - Double Visions,3
Back to the Future Ep 5 - OUTATIME,3
Ballpoint Universe Infinite,3
Basement,3
Batman Arkham Origins Blackgate - Deluxe Edition,3
Battle for Graxia,3
Battle of Empires  1914-1918,3
Bejeweled 2 Deluxe,3
Beyond Good & Evil,3
Big Pharma,3
Black Ink,3
Blackguards 2,3
Blaster Shooter GunGuy!,3
BlazBlue Continuum Shift Extend,3
Blazing Angels 2 Secret Missions of WWII,3
Blitzkrieg 2 Anthology,3
Blitzkrieg Anthology,3
Blood One Unit Whole Blood,3
BloodRealm Battlegrounds,3
Bloody Good Time,3
Booster Trooper,3
BRAINPIPE A Plunge to Unhumanity,3
Breach,3
Break Into Zatwor,3
Burn Zombie Burn,3
Cabela's Big Game Hunter Pro Hunts,3
CaesarIA,3
Call of Duty,3
Call of Duty Black Ops - OSX,3
Call to Arms,3
Cannon Brawl,3
Cannons Lasers Rockets,3
Cargo Commander,3
Carpe Diem,3
Chantelise,3
Chaos Domain,3
Chaos Heroes Online,3
Clockwork Tales Of Glass and Ink,3
Coin Crypt,3
Combat Wings Battle of Britain,3
Commando Jack,3
Cosmonautica,3
Cossacks Art of War,3
Cradle,3
Crazy Machines,3
Cryostasis,3
CubeGun,3
DarkStar One,3
Daylight,3
Deadfall Adventures,3
Deadly 30,3
Death Rally,3
DeathSpank Thongs Of Virtue,3
Delver,3
Dementium II HD,3
Democracy 2,3
Descent,3
Desktop Dungeons,3
Dethroned!,3
Devil May Cry 4 Special Edition,3
Dig or Die,3
Disciples II Rise of the Elves,3
DisplayFusion,3
District 187,3
Divine Divinity,3
Doc Clock The Toasted Sandwich of Time,3
Dogfight 1942,3
Doorways Prelude,3
Doorways The Underworld,3
Dracula's Legacy,3
Dream Of Mirror Online,3
Dungeon Hearts,3
Earth Defense Force Insect Armageddon,3
Eden Star  Destroy - Build - Protect,3
Edna & Harvey Harvey's New Eyes,3
Element4l,3
Elven Legacy,3
Enforcer Police Crime Action,3
Escape Goat,3
Ether One,3
Europa Universalis Rome - Gold Edition,3
Evolution RTS,3
Fahrenheit Indigo Prophecy Remastered,3
Fieldrunners,3
Fieldrunners 2,3
Fiesta Online NA,3
Fingerbones,3
Flatout 3,3
Franchise Hockey Manager 2014,3
FX Football - The Manager for Every Football Fan,3
Galactic Civilizations I Ultimate Edition,3
Genesis Rising,3
Gomo,3
Gothic,3
Grand Ages Medieval,3
Grand Ages Rome,3
Grimind,3
GTR Evolution,3
Guild of Dungeoneering,3
GUILTY GEAR Xrd -SIGN-,3
Gunman Clive,3
Guns'N'Zombies,3
Hacker Evolution Duality,3
Harvest Massive Encounter,3
Hearts of Iron II Complete,3
Heavy Fire Afghanistan,3
Heretic Shadow of the Serpent Riders,3
Hero of the Kingdom,3
Heroes of SoulCraft,3
HeXen II,3
Hostile Waters Antaeus Rising,3
how do you Do It?,3
Impossible Creatures,3
Indigo Prophecy,3
Intergalactic Bubbles,3
Interplanetary,3
Iron Grip Warlord,3
Ironclad Tactics,3
Jack Lumber,3
Jet Set Radio,3
Joe Danger,3
Jolly Rover,3
Kairo,3
Kinetic Void,3
Kingdoms CCG,3
King's Quest,3
Knock-knock,3
Labyronia RPG,3
Layers of Fear,3
Legacy of Kain Soul Reaver,3
Legend of Dungeon Masters,3
Legends of Pegasus,3
Lego Star Wars 3 The Clone Wars,3
Lords of the Black Sun,3
Lost Horizon,3
Love,3
Lucius II,3
Major Mayhem,3
Marlow Briggs,3
MEDIEVAL Total War - Gold Edition,3
Men of War Condemned Heroes,3
Meridian New World,3
Metaverse Construction Kit,3
Midnight Club II,3
Mind Path to Thalamus Enhanced Edition,3
MLB 2K12,3
MLB Front Office Manager,3
Moon Breakers,3
Moonrise,3
NASCAR '14,3
Neverending Nightmares,3
New kind of adventure,3
Nexus The Jupiter Incident,3
Nightbanes,3
Nightmares from the Deep 2 The Siren`s Call,3
Nightmares from the Deep The Cursed Heart,3
NiGHTS into Dreams...,3
Nimbus,3
No Time to Explain,3
No Time To Explain Remastered,3
Nobunaga's Ambition Souzou with Power Up Kit,3
NOBUNAGA'S AMBITION Sphere of Influence,3
NOT A HERO,3
Not The Robots,3
Offspring Fling!,3
One Manga Day,3
ONE PIECE PIRATE WARRIORS 3,3
Out There  Edition,3
Painkiller Black Edition,3
Patrician IV Rise of a Dynasty,3
PAYDAY The Web Series - Episode 1,3
Phoenix Force,3
Pink Heaven,3
Pirates of Black Cove Gold,3
Platypus II,3
Pool Nation FX,3
Postal 3,3
Pressured,3
Primordia,3
Prince of Persia The Two Thrones,3
Prince of Persia Warrior Within,3
Pro Cycling Manager 2013,3
Pro Cycling Manager 2015,3
Pro Evolution Soccer 2014,3
Pro Evolution Soccer 2016,3
Puzzle Agent 2,3
Pyramid Raid,3
Q.U.B.E.,3
QuantZ,3
Quest of Dungeons,3
realMyst,3
Red Faction II,3
Resident Evil Operation Raccoon City,3
Reversion - The Escape,3
RIDE Game,3
Ring Runner Flight of the Sages,3
Road Not Taken,3
Rogue Shooter The FPS Roguelike,3
RPG Maker 2003,3
RPG Tycoon,3
RUNNING WITH RIFLES,3
RWBY Grimm Eclipse,3
Samorost 2,3
Secret of the Magic Crystal,3
Secrets of Grindea,3
Section 8,3
Seduce Me the Otome,3
Shelter 2,3
Sherlock Holmes Nemesis,3
Ship Simulator Extremes,3
Shufflepuck Cantina Deluxe VR,3
Silent Hunter 5 Battle of the Atlantic,3
Simply Chess,3
SNOW,3
Sol Survivor,3
Solar Flux,3
SONIC THE HEDGEHOG 4 Episode I,3
Soul Gambler,3
Space Empires IV Deluxe,3
Space Quest Collection,3
Space Trader Merchant Marine,3
Spartans Vs Zombies Defense,3
SpellForce 2 Gold Edition,3
SpellForce Platinum Edition,3
Splice,3
Star Ruler,3
Street Racing Syndicate,3
Strike Suit Zero Director's Cut,3
Strong Bad Episode 1 Homestar Ruiner,3
Subspace Continuum,3
Super Amazing Wagon Adventure,3
SUPER DISTRO,3
Super House of Dead Ninjas,3
Super Time Force Ultra,3
Supreme Ruler Cold War,3
Survivor Squad,3
Sword of the Stars The Pit,3
Tales from Space Mutant Blobs Attack,3
Tales of Monkey Island Chapter 2 - The Siege of Spinner Cay ,3
Tales of Monkey Island Chapter 4 - The Trial and Execution of Guybrush Threepwood ,3
Tales of Monkey Island Chapter 5 - Rise of the Pirate God,3
Tales Runner,3
Tank Universal,3
Terrorhedron,3
Teslagrad,3
The Adventures of Mr. Bobley,3
The Albino Hunter,3
The Amazing Spider-Man,3
The Dark Eye Chains of Satinav,3
The Dream Machine,3
The Guild Gold Edition,3
The Path - Prologue,3
The Settlers 7 Paths to a Kingdom,3
The Slaughtering Grounds,3
The Vanishing of Ethan Carter Redux,3
Time Gentlemen  Please!,3
TimeShift,3
Tiny Bridge Ratventure,3
Tom Clancy's EndWar,3
Tom Clancy's Ghost Recon Advanced Warfighter 2,3
Tom Clancy's Rainbow Six 3 Gold Edition,3
Tomb Raider (VI) The Angel of Darkness,3
Total Annihilation,3
Two Worlds II Castle Defense,3
Vertical Drop Heroes HD,3
Voices from the Sea,3
War of the Human Tanks,3
War of the Vikings,3
Warhammer 40 000 Kill Team,3
Wasteland 2 Director's Cut,3
Wasteland Angel,3
Way of the Samurai 4,3
Why So Evil 2 Dystopia,3
Wildlife Park 3,3
Wolfenstein 3D,3
Year Walk,3
Ys I,3
Ys The Oath in Felghana,3
Yury,3
Zack Zero,3
Zombie Driver HD,3
Zombie Shooter 2,3
Zuma's Revenge,3
16bit Trader,2
A Valley Without Wind 2,2
A Walk in the Dark,2
Absconding Zatwor,2
Aces Wild Manic Brawling Action!,2
Afterfall InSanity - Dirty Arena Edition,2
Age of Wonders,2
Age of Wonders 2,2
Age of Wonders Shadow Magic,2
Air Brawl,2
Air Conflicts - Secret Wars,2
Akane the Kunoichi,2
AKIBA'S TRIP Undead & Undressed,2
Alpha Kimori Episode One ,2
American Conquest,2
Amnesia Memories,2
Anna's Quest,2
Aperture Tag The Paint Gun Testing Initiative,2
Aqua Kitty - Milk Mine Defender,2
AquaNox,2
Armello,2
Assassins Creed Chronicles China,2
Assault Android Cactus,2
Astebreed,2
Astro Lords,2
Auditorium,2
Autobahn Police Simulator,2
Automation - The Car Company Tycoon Game,2
Aveyond 3-2 Gates of Night,2
Babel Rising,2
Bardbarian,2
Beast Boxing Turbo,2
Bermuda,2
Beyond Divinity,2
Big Brain Wolf,2
bit Dungeon II,2
BIT.TRIP FATE,2
Black Fire,2
Black Mirror,2
Blacklight Tango Down,2
BlazBlue Calamity Trigger,2
Blob From Space,2
Blood Knights,2
Blood Omen 2 Legacy of Kain,2
BloodRayne 2,2
BloodRayne Betrayal,2
Bob Was Hungry,2
BookWorm Adventures Volume 2,2
BookWorm Deluxe,2
Bridge It (plus),2
Brothers in Arms Road to Hill 30,2
Burgers,2
Burstfire,2
Call of Duty Black Ops - Multiplayer OSX,2
Call of Juarez,2
Card City Nights,2
Cards and Castles,2
Cargo! - The quest for gravity,2
Carmageddon 2 Carpocalypse Now,2
Castlevania Lords of Shadow  Mirror of Fate HD,2
Cat Goes Fishing,2
Chainsaw Warrior,2
Chainsaw Warrior Lords of the Night,2
Chaser,2
Chroma Squad,2
Chronicles of a Dark Lord Episode 1 Tides of Fate Complete,2
Cinders,2
Cities XL,2
Cities XL - Limited Edition,2
Clive Barker's Jericho,2
Close Your Eyes,2
Cloudbuilt,2
Cobi Treasure Deluxe,2
Codename Panzers - Cold War,2
Colin McRae Rally,2
Collapse,2
ComaMortuary,2
Commander Conquest of the Americas Gold,2
Company of Heroes Europe at War,2
Contraption Maker,2
Contrast,2
Convoy,2
Cossacks European Wars,2
Crazy Plant Shop,2
Cricket Captain 2014,2
Cricket Revolution,2
Crimsonland,2
Crimzon Clover  WORLD IGNITION,2
Crusader Kings Complete,2
Crystals of Time,2
Cubemen 2,2
Daikatana,2
Dangerous High School Girls in Trouble!,2
DARK,2
Dark Arcana The Carnival,2
Darksiders II Deathinitive Edition,2
Dawn of Discovery,2
Dead State,2
DeadCore,2
Deadlings - Rotten Edition,2
Deathtrap,2
Defend Your Life,2
Defense Grid 2 A Matter of Endurance,2
Delve Deeper,2
Demonicon,2
Descent 2,2
Desperados - Wanted Dead or Alive,2
Deus Ex Revision,2
Dev Guy,2
DiRT,2
Disciples III Resurrection,2
Divinity II - Ego Draconis,2
Divinity II - The Dragon Knight Saga,2
Doctor Who The Eternity Clock,2
Dogs of War Online - Beta,2
Dominions 4,2
Downwell,2
Dragon Quest Heroes,2
Drakensang,2
Dream,2
Dreamfall The Longest Journey,2
Droid Assault,2
Dungeon Souls,2
Dynamite Jack,2
Dynasty Warriors 8 - Empires,2
Dysfunctional Systems Learning to Manage Chaos,2
Earth 2150 Trilogy,2
eden*,2
Emergency 2013,2
Emergency 2014,2
English Country Tune,2
Enigmatis The Ghosts of Maple Creek,2
Escape,2
Escape Rosecliff Island,2
Esenthel Engine,2
Ethan Meteor Hunter,2
Eufloria HD,2
Euro Fishing,2
Faces of War,2
Fading Hearts,2
Famaze,2
Fancy Skulls,2
Farm for your Life,2
Farming Simulator 2013 - Modding Tutorials,2
FarSky,2
FATE,2
Feeding Frenzy 2 Shipwreck Showdown Deluxe,2
Fester Mudd Curse of the Gold - Episode 1,2
Final Dusk,2
FINAL FANTASY XI,2
Firefighters 2014,2
Firefly Online Cortex,2
Flight of the Icarus,2
Flower Shop Winter In Fairbrook,2
FLY'N,2
Fork Parker's Holiday Profit Hike,2
Fortune Summoners Secret of the Elemental Stone,2
FOTONICA,2
Freedom Fall,2
From The Depths,2
Frozen Free Fall Snowball Fight,2
Full Spectrum Warrior,2
Full Spectrum Warrior Ten Hammers,2
GALAK-Z,2
Game Character Hub,2
Game Tycoon 1.5,2
Gaokao.Love.100Days,2
GEARCRACK Arena,2
Gemini Wars,2
Ghost in the Shell Stand Alone Complex First Assault Online,2
Gigantic Army,2
GoD Factory Wingmen,2
Gods Will Be Watching,2
Gray Matter,2
GridRunner Revolution,2
Guild Wars Game of the Year,2
Guilty Gear X2 #Reload,2
Gumboy Crazy Adventures,2
Gun Metal,2
Gurumin A Monstrous Adventure,2
Hack  Slash  Loot,2
Hamilton's Great Adventure,2
Hard Truck Apocalypse Rise Of Clans / Ex Machina Meridian 113,2
Haunt the House Terrortown,2
Heavy Bullets,2
Hegemony Gold Wars of Ancient Greece,2
Heroes of Hellas 3 Athens,2
Heroes of Might & Magic V Hammers of Fate,2
Hollywood Visionary,2
Humanity Asset,2
Hunting Unlimited 2010,2
Hylics,2
iBomber Defense,2
Ichi,2
If My Heart Had Wings,2
Ignite,2
Ikaruga,2
IL-2 Sturmovik Battle of Stalingrad,2
Immortal Empire,2
Incredipede,2
Infinifactory,2
Influent,2
inMomentum,2
It came from space  and ate our brains,2
Jagged Alliance Flashback,2
Jets'n'Guns Gold,2
Journey of a Roach,2
Journey Of The Light,2
KAMI,2
Karos Returns,2
KHOLAT,2
Kidnapped,2
Kingdom Tales 2,2
Kingdoms Rise,2
Kung Fury Street Rage,2
Larva Mortus,2
Left in the Dark No One on Board,2
Legend of Mysteria,2
Legends of Eisenwald,2
Light of Altair,2
Lilly and Sasha Curse of the Immortals,2
London 2012 The Official Video Game of the Olympic Games,2
Lost Planet Extreme Condition - Colonies Edition,2
Lovely Planet,2
Lucid,2
M.U.D. TV,2
MacGuffin's Curse,2
Mad Games Tycoon,2
Maia,2
Marble Mayhem Fragile Ball,2
Max The Curse of Brotherhood,2
Melissa K. and the Heart of Gold Collector's Edition,2
Mensa Academy,2
Merchants of Kaidan,2
Metrocide,2
Microsoft Flight,2
Midnight Mysteries 3 Devil on the Mississippi,2
Midnight Mysteries 4 Haunted Houdini,2
Midnight Mysteries Salem Witch Trials,2
Mighty Gunvolt,2
Mini Ninjas,2
Mishap An Accidental Haunting,2
Mitsurugi Kamui Hikae,2
Mordheim City of the Damned,2
MotoGP14,2
MoW Face Off XL,2
MURI,2
Mutant Mudds Deluxe,2
MXGP - The Official Motocross Videogame,2
Myst V,2
Mystery P.I. The Lottery Ticket,2
Mystery PI The Vegas Heist,2
Nancy Drew Ghost Dogs of Moon Lake ,2
Nancy Drew Ghost of Thornton Hall,2
Nancy Drew Ransom of the Seven Ships ,2
Nancy Drew The Deadly Device,2
Nancy Drew Tomb of the Lost Queen,2
NBA 2K12,2
NEED FOR MADNESS ?,2
Nimble Quest,2
Ninja Reflex Steamworks Edition,2
Noir Syndrome,2
Numen Contest of Heroes,2
Nux,2
NyxQuest,2
Oddworld Munch's Oddysee,2
Of Guards And Thieves,2
OlliOlli,2
On the Rain-Slick Precipice of Darkness  Episode Two,2
Orborun,2
OTTTD,2
Out of the Park Baseball 16,2
Outcast 1.1,2
Over 9000 Zombies!,2
Overture,2
Painkiller Recurring Evil,2
Paint the Town Red,2
Pandora First Contact,2
Panzer Corps,2
Paranormal State Poison Spring Collector's Edition,2
Pat & Mat,2
Patrician III,2
Penny Arcade's On the Rain-Slick Precipice of Darkness 4,2
Pirates of Black Cove,2
Platypus,2
Please  Dont Touch Anything,2
Port of Call,2
Port Royale 2,2
Power-Up,2
Praetorians,2
Pro Cycling Manager 2014,2
Project Explore,2
Project Snowblind,2
ProtoGalaxy,2
Puddle,2
Puzzle Pirates,2
Quake III Team Arena,2
Quantum of Solace,2
Rabbit Hole 3D Steam Edition,2
Rake,2
Randal's Monday,2
Real Boxing,2
Real Horror Stories Ultimate Edition,2
realMyst Masterpiece Edition,2
Remnants Of Isolation,2
Renowned Explorers International Society,2
Reprisal Universe,2
Republique,2
Restaurant Empire II,2
Retention,2
Retro/Grade,2
Revelations 2012,2
Rig 'n' Roll,2
Rise of the Argonauts,2
Rising World,2
Riven,2
Robin Hood,2
ROCKETSROCKETSROCKETS,2
Roogoo,2
RPG Maker XP,2
Rugby League Team Manager 2015,2
Runaway A Road Adventure,2
Salvation Prophecy,2
Sam & Max 103 The Mole  the Mob and the Meatball,2
Sam & Max 105 Reality 2.0,2
Sam & Max 106 Bright Side of the Moon,2
SC2VN - The eSports Visual Novel,2
Scoregasm,2
Scratches Director's Cut,2
Season of Mystery  The Cherry Blossom Murders,2
Secret Files Tunguska,2
Secret Of Magia,2
Secret Ponchos,2
SEGA Bass Fishing,2
Shadow Harvest Phantom Ops,2
Shadow Puppeteer,2
Shadowgate MacVenture Series,2
Shadows of War,2
Sherlock Holmes versus Jack the Ripper,2
ShootMania Storm,2
Shower With Your Dad Simulator 2015 Do You Still Shower With Your Dad,2
Sideway,2
Silent Hunter Wolves of the Pacific,2
SiN,2
Skara - The Blade Remains,2
Ski Region Simulator,2
Skyscraper Simulator,2
Skyward Collapse,2
Slam Bolt Scrappers,2
Sometimes Success Requires Sacrifice,2
Sonic and SEGA All Stars Racing,2
Sorcerer King,2
Space Ace,2
Special Forces Team X,2
Spermination,2
Sphere III Enchanted World,2
Split/Second,2
Spoiler Alert,2
Squad,2
Star Crusade CCG,2
Star Ruler 2,2
Star Wars - Jedi Knight Mysteries of the Sith,2
STAR WARS X-Wing Alliance,2
Star Wolves,2
Starlaxis Supernova Edition,2
Startopia,2
STARWHAL,2
State of Decay Year-One,2
Stellar 2D,2
Still Life,2
Strategic War in Europe,2
Street Fighter V Beta,2
Stubbs the Zombie in Rebel Without a Pulse,2
Sun Blast,2
Super Motherload,2
Supreme Ruler 2020 Gold,2
Swarm Arena,2
Sword Coast Legends,2
Sword of the Stars Complete Collection,2
Syder Arcade,2
Tales of Monkey Island Chapter 3 - Lair of the Leviathan ,2
Tap Heroes,2
Tea Party Simulator 2015,2
Teddy Floppy Ear - The Race,2
Terra Incognita ~ Chapter One The Descendant,2
The 7th Guest,2
The Banner Saga Factions,2
The Book of Unwritten Tales 2,2
The Book of Unwritten Tales The Critter Chronicles,2
The Cat and the Coup,2
The Clockwork Man,2
The Collider,2
The Dead Linger,2
The Detail,2
The Escapists The Walking Dead,2
The Fifth Day,2
The Golf Club,2
The Guild II - Pirates of the European Seas,2
The Incredible Adventures of Van Helsing III,2
THE KING OF FIGHTERS 2002 UNLIMITED MATCH,2
The Kings' Crusade,2
The Lost Crown,2
The Marvellous Miss Take,2
The Mean Greens - Plastic Warfare,2
The Next BIG Thing,2
The Night of the Rabbit,2
The Repopulation,2
The Silent Age,2
The Whispered World,2
The Witcher Adventure Game,2
Theatre of War,2
Timberman,2
Time Mysteries 3 The Final Enigma,2
Tinboy,2
Tiny Brains,2
Tiny Troopers,2
TIS-100,2
To End All Wars,2
ToCA Race Driver 3,2
Tom Clancy's Ghost Recon,2
Tom Clancy's Ghost Recon Advanced Warfighter,2
Tom Clancy's H.A.W.X.,2
Tom Clancy's Splinter Cell Double Agent,2
Tomb Raider III Adventures of Lara Croft,2
Tomb Raider The Last Revelation,2
Total War Battles SHOGUN,2
Toy Soldiers War Chest,2
Tree of Life,2
Tropico,2
Ubersoldier II,2
UFO Afterlight,2
UFO Extraterrestrials Gold,2
Unmechanical,2
Unstoppable Gorg,2
Virtua Tennis 4,2
Void Destroyer,2
Voxelized,2
Walkover,2
War of Beach,2
Warhammer 40 000 Regicide,2
Warhammer Quest,2
WARP,2
Wasteland 1 - The Original Classic,2
Weapons Genius,2
Westerado Double Barreled,2
White Noise Online,2
Wildlife Park 2,2
Wings! Remastered Edition,2
Wolfenstein The Old Blood German Edition,2
World in Conflict,2
World of Zoo,2
World War II Panzer Claws,2
Wrath of Athena,2
WRC 5,2
WRC Powerslide,2
Xam,2
X-COM Interceptor,2
X-Tension,2
YOU DON'T KNOW JACK Vol. 1 XL,2
Zeno Clash 2,2
Zero Gear,2
Zombie Zoeds,2
15 Days,1
1701 A.D. Sunken Dragon,1
18 Wheels of Steel American Long Haul,1
1953 NATO vs Warsaw Pact,1
1Quest,1
3 Stars of Destiny,1
3089 -- Futuristic Action RPG,1
3D Mini Golf,1
3DMark 11,1
3DMark Vantage,1
500 Years Act 1,1
9 Clues 2 The Ward,1
9.03m,1
99 Spirits,1
A Golden Wake,1
A.R.E.S. Extinction Agenda EX,1
Abandoned Chestnut Lodge Asylum,1
Abducted,1
Abyss The Wraiths of Eden,1
Actual Sunlight,1
Adventure Chronicles The Search For Lost Treasure,1
Adventure Park,1
Adventure Time  Explore the Dungeon Because I DONT KNOW!,1
Adventurer Manager,1
Adventures of Bertram Fiddle Episode 1 A Dreadly Business,1
aerofly RC 7,1
Afterlife Empire,1
Age of Conan Rise of the Godslayer,1
Aggression Europe Under Fire,1
Agricultural Simulator 2011 Extended Edition,1
Aion Collectors Edition,1
Airline Tycoon Deluxe,1
Airport Madness World Edition,1
Airport Simulator 2014,1
Akaneiro Demon Hunters,1
Akuatica,1
Albino Lullaby Episode 1,1
Alex Hunter - Lord of the Mind,1
Alganon,1
Alien Shooter Revisited,1
Alone in the Dark,1
Alter World,1
Amazing Adventures Around the World,1
Amazing Adventures The Lost Tomb,1
Amazing Princess Sarah,1
American Conquest - Fight Back,1
An Assassin in Orlandes,1
Anachronox,1
Ancient Planet,1
Ancient Space,1
Angels of Fasaria Version 2.0,1
Angry Birds Space,1
Angvik,1
Anno 2205,1
Anomaly Korea,1
Anomaly Warzone Earth Mobile Campaign,1
Another Perspective,1
Antisquad,1
Apollo4x,1
APOX,1
Arcadia,1
Arcane Worlds,1
ArchonClassic,1
AR-K,1
Armikrog,1
Arms Dealer,1
ArtRage Studio Pro,1
Ascendant,1
Ashes of the Singularity,1
Assassin's Creed Rogue,1
Asteria,1
Asteroids Outpost,1
Atlantica Online,1
A-Train 8,1
Autocraft,1
Avadon 2 The Corruption,1
Avernum 4,1
Avernum 5,1
Avernum 6,1
Aveyond 3-1 Lord of Twilight,1
AXYOS,1
AZMD! Scorepocalypse ,1
Azure Striker Gunvolt,1
B.U.T.T.O.N.,1
Back to Bed,1
BAD END,1
Bad Hotel,1
Ballad of Solar,1
Bard's Gold,1
Battle Academy,1
Battle Academy 2 Eastern Front,1
Battle Brothers,1
Battle Group 2,1
Battle Los Angeles,1
Battle vs Chess,1
Battlegrounds of Eldhelm,1
Battleplan American Civil War,1
BattleSpace,1
Bedlam,1
Bejeweled Deluxe,1
Better Late Than DEAD,1
Beware Planet Earth,1
Beyond Eyes,1
Beyond Space,1
Bientt l't,1
Big Money! Deluxe,1
Bionic Commando,1
BIT.TRIP CORE,1
BIT.TRIP VOID,1
Black Ice,1
Black Sails,1
Black Viper Sophia's Fate,1
Blackwell Convergence,1
BlazeRush,1
Blazing Angels Squadrons of WWII,1
Block Story,1
Blockscape,1
Blood Bowl Dark Elves Edition,1
Blood of the Werewolf,1
Bloodbath Kavkaz,1
BloodLust Shadowhunter,1
BloodRayne,1
Bloodwood Reload,1
Blue Rose,1
Boid,1
Boo Bunny Plague,1
Borderless Gaming,1
Breezeblox,1
Bridge Constructor Medieval,1
Broken Sword 2 - the Smoking Mirror Remastered,1
Broken Sword 3 - the Sleeping Dragon,1
Broken Sword 4 - the Angel of Death,1
Buccaneer The Pursuit of Infamy,1
Build-A-Lot,1
Build-A-Lot 2,1
Build-A-Lot 4,1
Bullet Heaven 2,1
Bus-Simulator 2012,1
Buzz Aldrin's Space Program Manager,1
Cabela's African Adventures,1
Cabela's Dangerous Hunts 2013,1
Cabela's Hunting Expeditions,1
Cabelas Trophy Bucks,1
CAFE 0 ~The Drowned Mermaid~,1
Call of Tomsk-7,1
CameraBag 2,1
Captain Forever Remix,1
Caribbean!,1
Carmageddon Max Pack,1
Carnage Racing,1
Cast of the Seven Godsends,1
Castaway Paradise,1
Castle,1
Castle In The Darkness,1
Castle Never Judge a Book by its Cover,1
Castle of Illusion,1
Catmouth Island,1
Championship Manager 2008,1
Championship Manager 2010,1
Cherry Tree High Comedy Club,1
Cherry Tree High I! My! Girls!,1
Chessmaster,1
Children of the Nile,1
Children of the Nile Alexandria,1
Chip's Challenge 2,1
Chocolatier Decadence by Design,1
Choice Chamber,1
Choice of Robots,1
Choice of the Deathless,1
Chris Sawyer's Locomotion,1
Chrome,1
Chrome Specforce,1
Chuzzle Deluxe,1
CID The Dummy,1
Circuits,1
Citadels,1
City Life 2008,1
City of Heroes,1
CivCity Rome,1
Civil War II,1
Claire,1
Clash of Puppets,1
Clergy Splode,1
Clickr,1
Clickteam Fusion 2.5,1
Clockwork Empires,1
Close Combat - Gateway to Caen,1
Cloud Chamber,1
Cloudberry Kingdom,1
Cloudy with a Chance of Meatballs,1
Clutch,1
Cognition An Erica Reed Thriller,1
Coil,1
Colonial Conquest,1
Comanche 4,1
Commandos Beyond the Call of Duty,1
Community College Hero Trial by Fire,1
Condemned Criminal Origins,1
Conflict Denied Ops,1
Coniclysm,1
Conquest of Champions,1
Constant C,1
Containment The Zombie Puzzler,1
Controller Companion,1
Corporate Lifestyle Simulator,1
Cosmic DJ,1
Cosmic Osmo,1
Cosmophony,1
Crawl,1
Crazy Taxi,1
CreaVures,1
Critical Mass,1
Critter Crunch,1
Crouching Pony Hidden Dragon,1
Crowntakers,1
Crusaders Thy Kingdom Come,1
CRYENGINE,1
CRYPTARK,1
Cubot,1
Cultures - Northland,1
Curse The Eye of Isis,1
Cyto,1
D.U.S.T.,1
D4 Dark Dreams Don't Die,1
Damnation,1
Damnation City of Death,1
Dangerous Waters,1
Dark Echo,1
Dark Fall 1 The Journal,1
Dark Fall Lost Souls,1
Dark Void,1
Dark Void Zero,1
DarkEnd,1
Darkout,1
Darkstone,1
David.,1
DCS Black Shark,1
Dead Mountaineer's Hotel,1
Dead or Alive 5 Last Round,1
Deadly Profits,1
Death Skid Marks,1
Decay - The Mare,1
Delta Force 2,1
Delta Force Black Hawk Down,1
Delta Force Black Hawk Down - Team Sabre,1
Demise of Nations Rome,1
Demolition  Inc.,1
Demon Hunter Chronicles from Beyond,1
Depth Hunter 2 Deep Dive,1
Depths of Peril,1
Descent Underground,1
Destiny Warriors,1
Detective Grimoire,1
Devils Share,1
Dex,1
Diamond Dan,1
Diaper Dash,1
Digital Combat Simulator A-10C Warthog,1
Diner Dash Hometown Hero,1
DinerTown Tycoon,1
Dinosaur Hunt Africa Contract,1
Disciples Sacred Lands Gold,1
Disney Infinity 2.0,1
Distant Star Revenant Fleet,1
Distant Worlds Universe,1
Dive to the Titanic,1
Divinity Dragon Commander Beta,1
Dodge,1
Dollar Dash,1
Don Bradman Cricket 14,1
Doodle God,1
Down To One,1
Draconian Wars,1
Dracula Origin,1
Dragon The Game,1
Dragon's Lair 2 Time Warp,1
Drakensang The River of Time,1
DRAKERZ-Confrontation,1
Drawn The Painted Tower,1
Dream Pinball 3D,1
Dreaming Sarah,1
Driftmoon,1
Drunken Robot Pornography,1
Duck Dynasty,1
Dungeon Party,1
Dungeonbowl Knockout Edition,1
Dungeons The Eye of Draconus,1
Dustoff Heli Rescue,1
Dynomite! Deluxe,1
Dysan the Shapeshifter,1
Earth 2150 Lost Souls,1
Earth 2150 The Moon Project,1
East India Company,1
East India Company Pirate Bay,1
East India Company Privateer,1
Eastside Hockey Manager,1
Eaten Alive,1
Echelon,1
Echo of the Wilds,1
Eidolon,1
Electric Highways,1
Electronic Super Joy Groove City,1
Eleusis,1
Elite Dangerous Horizons,1
Else Heart.Break(),1
Emergency 2012,1
Emergency 5 - Deluxe Edition,1
Empire TV Tycoon,1
Enemy Territory Quake Wars,1
Enigmatis 2 The Mists of Ravenwood,1
ENKI,1
Environmental Station Alpha,1
Epic Cards Battle(TCG),1
Eradicator,1
Eryi's Action,1
Escape Machines,1
Eschalon Book 1,1
Eschalon Book 2,1
Ether Vapor Remaster,1
Etherium,1
Etherlords II,1
Eurofighter Typhoon,1
European Ship Simulator,1
EverQuest Secrets of Faydwer,1
EverQuest Seeds of Destruction,1
Everyday Genius SquareLogic,1
Executive Assault,1
Face Noir,1
Fair Strike,1
Fairy Tale Mysteries The Puppet Thief Collector's Edition,1
Fall of the New Age Premium Edition,1
Family Guy Back to the Multiverse,1
Farlight Explorers,1
Farm Machines Championships 2014,1
Farming Giant,1
Farming World,1
Fast & Furious Showdown,1
Fat Chicken,1
FATE Undiscovered Realms,1
Fatty Maze's Adventures,1
fault milestone one,1
fault milestone two sideabove,1
Fiends of Imprisonment,1
Fiesta Online,1
FIFA Manager 09,1
FIFA Manager 11,1
FINAL FANTASY IV,1
Final Hours of Titanfall,1
Final Slam 2,1
Finding Teddy,1
Finn and Jake's Epic Quest,1
Fire,1
FIST OF AWESOME,1
Fist Puncher,1
Flashback,1
Flesh Eaters,1
FLOCK!,1
Flora's Fruit Farm,1
Foosball - Street Edition,1
Football Tactics,1
Ford Racing 3,1
Foreign Legion Multi Massacre,1
Formula Fusion,1
Forsaken Uprising,1
Fortix 2,1
FRACT OSC,1
Fractal Make Blooms Not War,1
Franchise Hockey Manager 2,1
Freaking Meatbags,1
Freddi Fish and Luther's Maze Madness,1
Frederic Evil Strikes Back,1
Freedom Force vs. the 3rd Reich,1
Freight Tycoon Inc.,1
Fritz Chess 14,1
FRONTIERS,1
GamersGoMakers,1
Games of Glory,1
GASP,1
Gateways,1
GemCraft - Chasing Shadows,1
Geometry Wars 3 Dimensions Evolved,1
GestureWorks Gameplay,1
Ghost Encounters Deadwood - Collector's Edition,1
Ghostbusters Sanctum of Slime,1
Giana Sisters Twisted Dreams - Rise of the Owlverlord,1
Glare,1
Global Agenda - Beta,1
Glowfish,1
Gold Rush! Classic,1
Gorky 17,1
Governor of Poker 2 Premium Edition,1
Grand Class Melee 2,1
Gravity Badgers,1
Gravity Ghost,1
Great Permutator,1
Greed Black Border,1
Grey's Anatomy The Video Game,1
Grim Legends 2 Song of the Dark Swan,1
Grotesque Tactics 2 - Dungeons and Donuts,1
GTR 2 - FIA GT Racing Game,1
Guardians of Graxia,1
Guardians of Orion,1
Guild Commander,1
Guild Wars Trilogy,1
Guilty Gear Isuka,1
GUILTY GEAR XX ACCENT CORE PLUS R,1
GUN,1
GundeadliGne,1
Gundemonium Recollection,1
Gunship!,1
Gunslugs 2,1
Gunspell Steam Edition,1
GunWorld,1
Habitat,1
Halfway,1
Hamlet or the last game without MMORPG features  shaders and product placement,1
Hard Truck Apocalypse / Ex Machina,1
Hardland,1
Hate Plus,1
Haunted,1
Haunted House,1
Hector Ep 2,1
Hegemony III Clash of the Ancients,1
Hegemony Philip of Macedon,1
Hegemony Rome The Rise of Caesar,1
Heli Heroes,1
Hello Kitty and Sanrio Friends Racing,1
Heroes and Titans Online,1
Heroes of a Broken Land,1
Heroes Over Europe,1
Hexcells,1
HeXen Beyond Heretic,1
Hidden Object Bundle 4 in 1,1
Higurashi When They Cry - Ch.1 Onikakushi,1
Hitman Contracts,1
Hitogata Happa,1
hocus,1
Homebrew - Vehicle Sandbox,1
Hook,1
Horizon Shift,1
Hotel Dash,1
Hotel Giant 2,1
Huntsman - The Orphanage Halloween Edition,1
Hyper Fighters,1
iBomber Attack,1
Ice Age Continental Drift Arctic Games,1
Iesabel,1
I-Fluid,1
Imagine Earth,1
Immune,1
Imperial Glory,1
Incoming Forces,1
Industry Giant 2,1
Infect and Destroy,1
INK,1
Insane 2,1
Inside a Star-filled Sky ,1
Inside The Gear,1
International Snooker,1
Into the Dark,1
Into The War,1
Introduction to 3D Prop Modeling and Design - Viking Armor and Weapons,1
Invisible Apartment,1
iO,1
Iron Warriors T-72 Tank Command,1
Ironcast,1
Island Flight Simulator,1
Ittle Dew,1
Jack Keane,1
Jacob Jones and the Bigfoot Mystery  Episode 2,1
Jagged Alliance 2 Gold Pack,1
Jagged Alliance Crossfire,1
Joe Dever's Lone Wolf HD Remastered,1
Judge Dredd Dredd vs Death,1
Jumpdrive,1
Just Get Through,1
Karate Master 2 Knock Down Blow,1
Keen Dreams,1
Khet 2.0,1
Kill Fun Yeah,1
Kill The Bad Guy,1
Killing Floor Beta,1
King of Dragon Pass,1
Kingdom Wars 2 Battles,1
Kingdoms,1
King's Bounty Dark Side,1
Kings of Kung Fu,1
Knightmare Tower,1
Kohan II Kings of War,1
Kohan Immortal Sovereigns,1
Korwin The Game,1
Kuros,1
KWAAN,1
Kyn,1
LA Cops,1
Lamia Must Die,1
Last Knight Rogue Rider Edition,1
Last Word,1
Legacy of Kain Soul Reaver 2,1
Legend of Fae,1
Legends of Aethereus,1
LEGO Pirates of the Caribbean The Video Game,1
Leo's Fortune,1
Letter Quest Grimm's Journey,1
Letter Quest Grimm's Journey Remastered,1
LEVEL 22,1
Life is Hard,1
Life of Pixel,1
Light,1
Lightfish,1
Lili Child of Geos,1
Lilly Looking Through,1
liteCam Game 100 FPS Game Capture,1
Little Big Adventure 2,1
Little Farm,1
Lords of Magic Special Edition,1
Lords of the Realm II,1
Lucidity,1
Lumines,1
Lumino City,1
Lunch Truck Tycoon,1
Maelstrom,1
Magic The Gathering  Tactics,1
Magical Diary,1
Magicka Wizards of the Square Tablet,1
Magnetic By Nature,1
Mainland,1
Majesty Gold Edition,1
Make it indie!,1
Making History The Calm & The Storm,1
Manyland,1
Mars Colony Challenger,1
Maszyny Rolnicze 2015,1
Max and the Magic Marker,1
Max Gentlemen,1
MDK,1
Mega Man Legacy Collection,1
Memento Mori 2,1
Memoir '44 Online,1
Metal Planet,1
METAL SLUG X,1
Millennium - A New Hope,1
Millie,1
Mini Motor Racing EVO,1
Minimon,1
MirrorMoon EP,1
Mission Control NanoMech,1
MLB 2K10,1
MLB 2K11,1
Monochroma,1
Monster Bash,1
Monster Loves You!,1
Montague's Mount,1
Mortal Kombat Legacy II - Ep. 1 Reunited in Macau,1
MotoGP13,1
Motorbike,1
Mountain Crime Requital,1
Movie Studio 13 Platinum - Steam Powered,1
MoW Face Off M,1
Mr. Bree+,1
Mr. Robot,1
Mushroom 11,1
Music Creator 6 Touch,1
MX vs. ATV Supercross Encore,1
Mystery of Neuschwanstein,1
N.P.P.D. RUSH - The milk of Ultra violet,1
NaissanceE,1
Nancy Drew Alibi in Ashes,1
Nancy Drew Curse of Blackmoor Manor ,1
Nancy Drew Danger By Design,1
Nancy Drew Danger on Deception Island ,1
Nancy Drew Last Train to Blue Moon Canyon,1
Nancy Drew Lights  Camera  Curses!,1
Nancy Drew Secret of the Scarlet Hand ,1
Nancy Drew Secrets can Kill,1
Nancy Drew Shadow at the Water's Edge,1
Nancy Drew The Captive Curse,1
Nancy Drew The Creature of Kapu Cave,1
Nancy Drew The Haunted Carousel,1
Nancy Drew The White Wolf of Icicle Creek,1
Nancy Drew Warnings at Waverly Academy,1
Narco Terror,1
NASCAR The Game 2013,1
Naval War Arctic Circle,1
Naval Warfare,1
NBA 2K11,1
Necronomicon The Dawning of Darkness,1
NecroVisioN Lost Company,1
Neighbours from Hell,1
Neighbours from Hell 2,1
Nevermind,1
New Star Soccer 5,1
Night Mysteries The Amphora Prisoner,1
Nightmares from the Deep 3 Davy Jones,1
NightShift Code,1
Nikopol Secrets of the Immortals,1
Nimble Writer,1
NOBUNAGA'S AMBITION Kakushin with Power Up Kit,1
Nom Nom Galaxy,1
Nostradamus The Last Prophecy,1
Numba Deluxe,1
O.R.B.,1
Obludia,1
Obscure,1
Obscure 2,1
OCEAN CITY RACING,1
Oceanhorn Monster of Uncharted Seas,1
Oh...Sir!,1
Ohm Studio,1
Omegalodon,1
One Late Night Deadline,1
One Night,1
One Way To Die Steam Edition,1
Oniken,1
Onimusha 3 Demon Siege,1
oO,1
Oozi Earth Adventure,1
Operation Z,1
Order of War Challenge,1
Organic Panic,1
Original War,1
Oscura Lost Light,1
Our Darker Purpose,1
Out of the Park Baseball 14,1
Over the Dream,1
Pacific Storm,1
Pacific Storm Allies,1
Painkiller Gold Edition,1
Painkiller Resurrection,1
Panzer Tactics HD,1
Paper Sorcerer,1
Paranautical Activity Deluxe Atonement Edition,1
Parcel,1
Parkan 2,1
Particulars,1
Party Hard,1
Petz Horsez 2,1
Pineview Drive,1
Pink Hour,1
Pixel Puzzles UndeadZ,1
Pixel Space,1
PixelJunk Shooter Ultimate,1
Planet of the Eyes,1
planetarian ~the reverie of a little planet~,1
Planets Under Attack,1
Point Perfect,1
Pongo,1
Portal of Evil Stolen Runes Collector's Edition,1
Post Master ,1
Post Mortem,1
Potatoman Seeks the Troof,1
Pound of Ground,1
Pre-Civilization Marble Age,1
Pressure,1
Pretty Girls Mahjong Solitaire,1
Pride of Nations,1
Prison Tycoon 3 Lockdown,1
Pro Cycling Manager Season 2009,1
Pro Evolution Soccer 2013,1
Pro Rugby Manager 2015,1
Probably Archery,1
Project AURA,1
Psycho Starship Rampage,1
Psychonauts Demo,1
PT Boats Knights of the Sea,1
PT Boats South Gambit,1
Putt-Putt and Pep's Balloon-o-Rama,1
Putt-Putt Joins the Circus,1
Putt-Putt Saves the Zoo,1
Putt-Putt Travels Through Time,1
Puzzle Bots,1
Puzzle Chronicles,1
Puzzle Dimension,1
Puzzle Quest 2,1
Puzzle Quest Galactrix,1
Puzzler World 2,1
Pyroblazer,1
Quake Mission Pack 1 Scourge of Armagon,1
Quake Mission Pack 2 Dissolution of Eternity,1
Quarries of Scred,1
Qvadriga,1
R.B.I. Baseball 15,1
R.O.O.T.S,1
RACE Caterham Expansion,1
Raiden Legacy,1
Railroad Pioneer,1
Ravensword Shadowlands,1
Razor2 Hidden Skies,1
Reach for the Sun,1
Real Warfare,1
Real World Racing,1
Realms of Arkania 3 - Shadows over Riva Classic,1
Realms of the Haunting,1
Reaper - Tale of a Pale Swordsman,1
Rebuild 3 Gangs of Deadsville,1
RECYCLE,1
Red Bull X-Fighters,1
Red Stone Online,1
Redshirt,1
RESCUE 2,1
Rescue Everyday Heroes,1
Rescue Team 5,1
Residue Final Cut,1
Retro-Pixel Castles,1
Retrovirus,1
Return to Mysterious Island 2,1
Reveal The Deep,1
Reverse Crawl,1
Reversi,1
Rexaura,1
rFactor,1
rFactor 2,1
Rhythm Destruction,1
Rhythm Zone,1
Ride! Carnival Tycoon,1
Riding Star,1
Rigonauts,1
RIP 3 The Last Hero,1
Rising Angels Reborn,1
RoboBlitz,1
Robot Rescue Revolution,1
Rogue Trooper,1
Rogue Warrior,1
Roguelands,1
Rogue's Tale,1
RollerCoaster Tycoon,1
Romance of the Three Kingdoms Maker,1
RONIN,1
Rooms The Unsolvable Puzzle,1
Rotieer,1
Royal Defense,1
RPG Maker 2000,1
RPG Maker MV,1
Rugby Challenge 2,1
Rulers of Nations,1
Runaway A Twist of Fate,1
Rune Classic,1
Runers,1
Runespell Overture,1
rymdkapsel,1
Saints Row The Third - Initiation Station,1
Sakura Swim Club,1
Salt,1
Sam & Max 201 Ice Station Santa,1
Sam & Max 202 Moai Better Blues,1
Sam & Max 205 What's New Beelzebub?,1
Sam & Max 302 The Tomb of Sammun-Mak,1
Sam & Max 303 They Stole Max's Brain!,1
Sam & Max 304 Beyond the Alley of the Dolls,1
Sam & Max 305 The City that Dares not Sleep,1
Samantha Swift and the Golden Touch,1
SAMURAI WARRIORS 4-II,1
SanctuaryRPG Black Edition,1
Sandmason,1
Sanitarium,1
Saturday Morning RPG,1
Saviors,1
Saw,1
Scarygirl,1
SCHAR Blue Shield Alliance,1
Schrdinger's Cat and the Raiders of the Lost Quark,1
Science Girls,1
Season Match 3 - Curse of the Witch Crow,1
Second Chance Heroes,1
Secret Files Puritas Cordis,1
Secret Files Sam Peters,1
Septerra Core,1
Serious Sam Classics Revolution,1
Servo,1
Seven Kingdoms 2 HD,1
Shad'O,1
Shadow Man,1
Shadow of Kingdoms,1
Shallow Space,1
Shan Gui,1
Shantae Risky's Revenge - Director's Cut,1
Shark Attack Deathmatch 2,1
Shattered Planet,1
Shattered Union,1
Shellshock 2 Blood Trails,1
Sherlock Holmes and The Hound of The Baskervilles,1
Shiny The Firefly,1
Ship Simulator Maritime Search and Rescue,1
Shipwreck,1
Showtime!,1
SickBrick,1
Signal Ops,1
Silent Hunter Wolves of the Pacific U-Boat Missions,1
Silent Storm Sentinels,1
Silverfall,1
SimpleRockets,1
Sir You Are Being Hunted,1
Sky Nations,1
SlamIt Pinball Big Score,1
Slip,1
Smooth Operators,1
Snapshot,1
Sniper Elite Zombie Army,1
Sniper Elite Zombie Army 2,1
Sokobond,1
Song of the Myrne What Lies Beneath,1
Space Colony,1
Space Empires V,1
Space Siege,1
Space Warp,1
SPACECOM,1
SpaceForce Rogue Universe,1
Speed Kills,1
SpellForce 2 - Demons of the Past,1
Splatter - Blood Red Edition,1
Spooky Cats,1
Spriter Pro,1
Squirreltopia,1
Star Traders 4X Empires,1
Star Wars The Clone Wars Republic Heroes,1
STAR WARS X-Wing vs. TIE Fighter,1
Stardust Vanguards,1
Stargate Resistance,1
Starion Tactics,1
Starscape,1
Starseed Pilgrim,1
Stellar Impact,1
Steredenn,1
Stick RPG 2,1
Stonerid,1
Strife Veteran Edition,1
Strong Bad Episode 2 Strong Badia the Free,1
Strong Bad Episode 3 Baddest of the Bands,1
Strong Bad Episode 4 Dangeresque 3,1
Sublevel Zero,1
Submerged,1
Substance Painter,1
Sugar Cube Bittersweet Factory,1
Sunrider Academy,1
Super 3-D Noah's Ark,1
Super Chibi Knight,1
Super Game Jam,1
Super Hipster Lumberjack,1
Super Panda Adventures,1
Super Puzzle Platformer Deluxe,1
Super Splatters,1
SuperPower 2 Steam Edition,1
Sweet Lily Dreams,1
Syberia 2,1
System Protocol One,1
T.E.C. 3001,1
Take Command Second Manassas,1
Talismania Deluxe,1
Taxi,1
Teddy Floppy Ear - Kayaking,1
Teddy Floppy Ear - Mountain Adventure,1
Terminator Salvation,1
Terrain Test,1
Tesla Effect,1
Test Drive Ferrari Racing Legends,1
Tetrobot and Co.,1
The 39 Steps,1
The Adventures of Tree,1
The Age of Decadence,1
The Beast of Lycan Isle - Collector's Edition,1
The Black Watchmen,1
The Bug Butcher,1
The Campaign Series Fall Weiss,1
The Chaos Engine,1
The Clans - Saga of the Twins,1
The Clockwork Man The Hidden World,1
The Club,1
The Curious Expedition,1
The Deer,1
The Defenders The Second Wave,1
The Dreamatorium of Dr. Magnus 2,1
The Egyptian Prophecy The Fate of Ramses,1
The Entente Gold,1
The Few,1
The Fish Fillets 2,1
The Flame in the Flood,1
The Floor is Jelly,1
The Gate,1
The Good Life,1
The Graveyard,1
The Haunted Hells Reach,1
The Impossible Game,1
The Incredible Adventures of Van Helsing Final Cut,1
The Inner World,1
The Jackbox Party Pack 2,1
THE KING OF FIGHTERS '98 ULTIMATE MATCH FINAL EDITION,1
The Lady,1
The Magic Circle,1
The Masterplan,1
The Moon Sliver,1
The Movies,1
The Musketeers Victoria's Quest,1
The Nightmare Cooperative,1
The Otherside,1
The Political Machine 2016,1
The Samaritan Paradox,1
The Secret of Tremendous Corporation,1
The Stalin Subway,1
The Sun at Night,1
The Swindle,1
The UnderGarden,1
The Undying Plague,1
The Universim,1
The Walking Dead Survival Instinct,1
The Whispered World Special Edition,1
The Wizard's Pen,1
The Yawhg,1
Theatre of War 2 Africa 1943,1
Theatre of War 2 Kursk 1943 ,1
Theme Park Studio,1
Thief Town,1
Third Eye Crime,1
Thunder Wolves,1
Tiamat X,1
Time Mysteries 2 The Ancient Spectres,1
Time Mysteries Inheritance - Remastered,1
Tkl Online,1
Toast Time,1
Tobe's Vertical Adventure,1
Tom Clancy's Rainbow Six Vegas,1
Tomb Raider Chronicles,1
Towtruck Simulator 2015,1
TOXIKK,1
Toybox Turbos,1
Tradewinds Caravans,1
TRANSFORMERS Rise of the Dark Spark,1
Traps N' Gemstones,1
Treasure Planet Battle at Procyon,1
Treeker The Lost Glasses,1
TRI Of Friendship and Madness,1
Triple Town,1
Trouble In The Manor,1
Trucks & Trailers,1
Tryst,1
TUG,1
Turok Dinosaur Hunter,1
Twin Sector,1
TyranoBuilder Visual Novel Studio,1
UFO Aftermath,1
Ultionus A Tale of Petty Revenge,1
Uncharted Waters Online,1
Undead Overlord,1
Under the Ocean,1
Unholy Heights,1
Unity of Command,1
Unium,1
Universal Combat CE,1
Urizen Shadows of the Cold,1
Vagante,1
Velocibox,1
VelocityUltra,1
Victory At Sea,1
Victory The Age of Racing,1
Vigil Blood Bitterness,1
Viking Brothers,1
Vintage Year,1
Violett,1
Virtual Villagers A New Home,1
Vlad the Impaler,1
VoidExpanse,1
Volt,1
Volume,1
Vox,1
Wallace & Gromit Ep 2 The Last Resort,1
Wallace & Gromit Ep 3 Muzzled!,1
Wallace & Gromit Ep 4 The Bogey Man,1
War  the Game,1
War in a Box Paper Tanks,1
Warehouse and Logistics Simulator,1
Warhammer 40 000 Armageddon,1
Warhammer Online Age of Reckoning,1
Warrior Kings Battles,1
Watchmen The End Is Nigh,1
Watchmen The End Is Nigh Part 2,1
Waves,1
Weather Lord The Successor's Path,1
Weird Worlds Return to Infinite Space,1
Westward,1
Westward 3,1
Who's That Flying?!,1
Wildlife Park 2 - Dino World,1
Wildlife Park 2 - Marine World,1
Windborne,1
Winning Post 8 2015,1
Without Within,1
Wizardry 7 Crusaders of the Dark Savant,1
Wizardry 8,1
Wizardry Online,1
Wolfenstein,1
Wolfenstein 3D Spear of Destiny,1
Woody Two-Legs Attack of the Zombie Pirates,1
World Basketball Manager 2010,1
World of Mixed Martial Arts 3,1
Worldwide Soccer Manager 2009,1
Worms,1
Written in the Sky,1
WTFast Gamers Private Network (GPN),1
X-COM Enforcer,1
Xeodrifter,1
X-note,1
Xpand Rally Xtreme,1
Yesterday,1
Yosumin!,1
YOU DON'T KNOW JACK,1
YOU DON'T KNOW JACK Vol. 2,1
You Must Build A Boat,1
Your Doodles Are Bugged!,1
Ys VI The Ark of Napishtim,1
Z,1
Zafehouse Diaries,1
ZOMBI,1
Zombie Grinder,1
Zombie Tycoon 2 Brainhov's Revenge,1
Zoombinis,1
Zotrix,1
Zuma Deluxe,1
